order_id,customer_id,product_id,amount,payment_mode,order_time,status
6381,179,4,831.94,Card,2026-05-07 2:00:00,COMPLETED
6382,845,5,2624.39,Cash,2026-05-07 12:00:00,CANCELLED
6383,669,18,3477.96,Cash,2026-05-01 14:00:00,PENDING
6384,127,1,2471.59,Transfer,2026-05-01 1:00:00,CANCELLED
6385,569,16,726.01,Transfer,2026-05-06 20:00:00,PENDING
6386,423,14,4279.78,Cash,2026-05-05 13:00:00,COMPLETED
6387,8,19,2625.49,Card,2026-05-05 7:00:00,PENDING
6388,660,13,3855.81,Transfer,2026-05-03 3:00:00,CANCELLED
6389,303,10,1975.07,Card,2026-05-03 18:00:00,PENDING
6390,361,8,3193.54,Card,2026-05-01 6:00:00,CANCELLED
6391,675,9,4699.86,Transfer,2026-05-03 8:00:00,COMPLETED
6392,597,15,4595.88,Cash,2026-05-06 8:00:00,CANCELLED
6393,953,15,4288.87,Transfer,2026-05-07 4:00:00,PENDING
6394,568,11,4659.27,Cash,2026-05-03 4:00:00,CANCELLED
6395,484,6,2321.83,Card,2026-05-04 2:00:00,PENDING
6396,916,3,519.79,Cash,2026-05-06 8:00:00,PENDING
6397,777,20,2967.14,Transfer,2026-05-01 23:00:00,CANCELLED
6398,992,13,4875.13,Card,2026-05-01 19:00:00,PENDING
6399,960,6,1467.12,Transfer,2026-05-07 10:00:00,CANCELLED
6400,356,5,1650.9,Cash,2026-05-06 8:00:00,CANCELLED
6401,747,15,3512.61,Card,2026-05-05 3:00:00,COMPLETED
6402,822,9,3866.82,Cash,2026-05-07 13:00:00,COMPLETED
6403,485,20,1877.97,Card,2026-05-01 12:00:00,COMPLETED
6404,788,7,4128.08,Card,2026-05-01 12:00:00,COMPLETED
6405,988,6,1688.66,Card,2026-05-03 21:00:00,CANCELLED
6406,747,19,1289.99,Card,2026-05-04 17:00:00,COMPLETED
6407,919,20,3752.14,Card,2026-05-06 1:00:00,CANCELLED
6408,748,9,3714.36,Transfer,2026-05-04 7:00:00,CANCELLED
6409,613,17,2248.12,Card,2026-05-06 22:00:00,COMPLETED
6410,550,14,4184.32,Transfer,2026-05-07 21:00:00,PENDING
6411,934,10,2962.57,Transfer,2026-05-03 16:00:00,PENDING
6412,77,6,2191.62,Card,2026-05-05 22:00:00,COMPLETED
6413,675,20,4812.02,Cash,2026-05-06 5:00:00,PENDING
6414,989,16,1446.81,Cash,2026-05-04 4:00:00,CANCELLED
6415,20,4,3853.8,Card,2026-05-01 3:00:00,CANCELLED
6416,493,3,2623.94,Cash,2026-05-01 21:00:00,CANCELLED
6417,314,3,2702.0,Transfer,2026-05-01 4:00:00,COMPLETED
6418,767,14,4910.96,Cash,2026-05-02 16:00:00,COMPLETED
6419,302,19,1909.16,Transfer,2026-05-06 12:00:00,COMPLETED
6420,259,17,1237.21,Card,2026-05-02 15:00:00,PENDING
6421,740,16,4494.07,Cash,2026-05-03 0:00:00,PENDING
6422,457,10,3950.31,Transfer,2026-05-07 6:00:00,CANCELLED
6423,899,3,2308.93,Transfer,2026-05-07 3:00:00,PENDING
6424,530,12,4046.11,Transfer,2026-05-04 3:00:00,COMPLETED
6425,476,2,3717.47,Card,2026-05-06 4:00:00,PENDING
6426,981,13,4638.46,Card,2026-05-03 12:00:00,CANCELLED
6427,511,20,521.26,Card,2026-05-02 18:00:00,COMPLETED
6428,702,15,797.69,Cash,2026-05-07 20:00:00,COMPLETED
6429,818,5,700.59,Card,2026-05-02 14:00:00,CANCELLED
6430,301,1,1056.12,Cash,2026-05-04 15:00:00,PENDING
6431,157,2,3865.59,Cash,2026-05-01 6:00:00,COMPLETED
6432,318,14,4435.47,Cash,2026-05-02 0:00:00,PENDING
6433,384,1,939.28,Transfer,2026-05-02 4:00:00,COMPLETED
6434,553,17,988.39,Card,2026-05-01 21:00:00,COMPLETED
6435,313,10,1160.33,Card,2026-05-02 11:00:00,PENDING
6436,70,10,4835.48,Transfer,2026-05-05 1:00:00,CANCELLED
6437,28,14,4599.09,Transfer,2026-05-05 23:00:00,PENDING
6438,680,14,2944.49,Transfer,2026-05-04 0:00:00,PENDING
6439,550,19,3326.63,Card,2026-05-03 6:00:00,CANCELLED
6440,976,17,521.8,Card,2026-05-07 19:00:00,CANCELLED
6441,176,13,2210.43,Cash,2026-05-03 10:00:00,COMPLETED
6442,656,17,2774.0,Card,2026-05-04 14:00:00,COMPLETED
6443,160,8,4571.42,Cash,2026-05-03 11:00:00,CANCELLED
6444,695,4,1129.23,Transfer,2026-05-02 7:00:00,CANCELLED
6445,493,12,3312.03,Transfer,2026-05-03 23:00:00,PENDING
6446,638,20,4874.73,Transfer,2026-05-02 2:00:00,CANCELLED
6447,661,18,4950.33,Transfer,2026-05-03 18:00:00,CANCELLED
6448,530,11,1066.91,Card,2026-05-07 22:00:00,COMPLETED
6449,972,15,4121.52,Card,2026-05-03 8:00:00,COMPLETED
6450,781,3,667.92,Card,2026-05-03 10:00:00,PENDING
6451,995,7,4396.46,Card,2026-05-03 4:00:00,COMPLETED
6452,178,19,2888.14,Transfer,2026-05-07 7:00:00,CANCELLED
6453,557,5,4856.57,Cash,2026-05-03 11:00:00,CANCELLED
6454,803,2,3636.25,Card,2026-05-07 13:00:00,PENDING
6455,799,19,3956.4,Transfer,2026-05-04 9:00:00,COMPLETED
6456,782,20,2520.05,Cash,2026-05-05 1:00:00,PENDING
6457,20,6,2003.65,Transfer,2026-05-04 13:00:00,PENDING
6458,803,4,4438.79,Cash,2026-05-05 19:00:00,COMPLETED
6459,592,13,3735.12,Card,2026-05-05 1:00:00,COMPLETED
6460,44,13,4584.99,Transfer,2026-05-01 22:00:00,CANCELLED
6461,442,17,1801.3,Card,2026-05-04 8:00:00,COMPLETED
6462,756,7,4784.34,Transfer,2026-05-01 8:00:00,COMPLETED
6463,464,15,2148.54,Transfer,2026-05-04 12:00:00,PENDING
6464,119,3,1644.8,Cash,2026-05-02 3:00:00,CANCELLED
6465,347,17,2681.84,Card,2026-05-01 5:00:00,CANCELLED
6466,172,18,2616.19,Card,2026-05-07 0:00:00,CANCELLED
6467,523,4,4718.15,Card,2026-05-03 8:00:00,COMPLETED
6468,624,3,3603.09,Transfer,2026-05-01 22:00:00,PENDING
6469,244,12,3687.48,Cash,2026-05-03 8:00:00,PENDING
6470,146,5,4149.0,Card,2026-05-04 16:00:00,PENDING
6471,99,15,4427.1,Cash,2026-05-04 8:00:00,COMPLETED
6472,416,12,1223.98,Card,2026-05-06 4:00:00,CANCELLED
6473,773,8,988.76,Transfer,2026-05-01 20:00:00,PENDING
6474,538,9,3521.55,Transfer,2026-05-03 20:00:00,COMPLETED
6475,848,12,3119.49,Cash,2026-05-05 10:00:00,CANCELLED
6476,628,19,1607.58,Card,2026-05-01 9:00:00,COMPLETED
6477,727,10,3734.29,Card,2026-05-03 10:00:00,PENDING
6478,616,7,4255.4,Cash,2026-05-06 20:00:00,COMPLETED
6479,557,13,3976.73,Transfer,2026-05-01 15:00:00,CANCELLED
6480,530,15,1633.03,Card,2026-05-03 10:00:00,PENDING
6481,631,8,4795.44,Cash,2026-05-05 15:00:00,CANCELLED
6482,125,2,3097.6,Transfer,2026-05-02 11:00:00,CANCELLED
6483,165,12,1157.11,Cash,2026-05-06 11:00:00,CANCELLED
6484,613,2,2529.29,Transfer,2026-05-05 21:00:00,COMPLETED
6485,943,17,1051.2,Cash,2026-05-04 14:00:00,CANCELLED
6486,325,7,4684.24,Card,2026-05-05 2:00:00,COMPLETED
6487,236,4,2088.67,Transfer,2026-05-03 19:00:00,PENDING
6488,384,10,3668.65,Cash,2026-05-04 8:00:00,CANCELLED
6489,798,17,1847.32,Card,2026-05-05 13:00:00,COMPLETED
6490,333,5,2050.12,Cash,2026-05-03 2:00:00,COMPLETED
6491,17,16,4256.04,Transfer,2026-05-05 4:00:00,PENDING
6492,882,12,1787.04,Card,2026-05-01 5:00:00,CANCELLED
6493,594,18,3921.77,Card,2026-05-02 14:00:00,PENDING
6494,162,7,2349.01,Cash,2026-05-07 18:00:00,COMPLETED
6495,177,16,4373.67,Transfer,2026-05-04 9:00:00,CANCELLED
6496,544,16,2702.53,Card,2026-05-04 10:00:00,CANCELLED
6497,783,8,4929.84,Cash,2026-05-01 9:00:00,CANCELLED
6498,623,18,1092.98,Transfer,2026-05-06 9:00:00,CANCELLED
6499,708,8,4709.65,Cash,2026-05-07 15:00:00,CANCELLED
6500,179,18,2843.79,Transfer,2026-05-05 14:00:00,CANCELLED
6501,726,8,591.79,Transfer,2026-05-03 5:00:00,PENDING
6502,33,20,3871.95,Card,2026-05-02 7:00:00,COMPLETED
6503,865,12,4022.81,Cash,2026-05-02 6:00:00,PENDING
6504,626,3,4146.82,Card,2026-05-06 8:00:00,CANCELLED
6505,240,17,2804.41,Card,2026-05-04 5:00:00,PENDING
6506,710,13,1857.48,Transfer,2026-05-07 6:00:00,CANCELLED
6507,350,5,2838.5,Card,2026-05-07 6:00:00,PENDING
6508,323,15,1476.62,Card,2026-05-04 4:00:00,CANCELLED
6509,128,17,4498.04,Transfer,2026-05-07 22:00:00,CANCELLED
6510,286,4,1457.21,Transfer,2026-05-06 15:00:00,PENDING
6511,167,12,1641.9,Cash,2026-05-03 20:00:00,CANCELLED
6512,26,7,2377.2,Card,2026-05-03 1:00:00,PENDING
6513,370,20,2214.32,Card,2026-05-03 22:00:00,COMPLETED
6514,869,20,3269.75,Cash,2026-05-05 7:00:00,COMPLETED
6515,242,12,3619.79,Transfer,2026-05-03 17:00:00,CANCELLED
6516,586,15,3273.93,Card,2026-05-04 19:00:00,PENDING
6517,121,2,4728.38,Transfer,2026-05-03 12:00:00,CANCELLED
6518,693,3,2570.77,Card,2026-05-02 9:00:00,CANCELLED
6519,275,1,2674.64,Card,2026-05-06 4:00:00,PENDING
6520,160,14,4102.73,Card,2026-05-07 8:00:00,PENDING
6521,854,13,4655.62,Card,2026-05-01 5:00:00,PENDING
6522,557,13,3469.61,Transfer,2026-05-06 10:00:00,CANCELLED
6523,139,6,1000.43,Transfer,2026-05-04 8:00:00,PENDING
6524,134,17,3514.15,Transfer,2026-05-03 12:00:00,COMPLETED
6525,196,17,999.25,Transfer,2026-05-03 0:00:00,COMPLETED
6526,649,13,1637.69,Card,2026-05-01 9:00:00,CANCELLED
6527,728,5,3232.77,Cash,2026-05-01 15:00:00,CANCELLED
6528,358,9,3689.8,Transfer,2026-05-04 22:00:00,PENDING
6529,924,18,2893.14,Transfer,2026-05-07 10:00:00,CANCELLED
6530,222,10,4896.16,Transfer,2026-05-05 7:00:00,COMPLETED
6531,463,6,1309.34,Card,2026-05-07 11:00:00,PENDING
6532,926,1,1634.41,Card,2026-05-06 3:00:00,COMPLETED
6533,576,11,4514.69,Cash,2026-05-06 2:00:00,CANCELLED
6534,185,3,3168.6,Transfer,2026-05-02 17:00:00,COMPLETED
6535,694,15,1957.71,Card,2026-05-03 19:00:00,COMPLETED
6536,729,11,4913.14,Cash,2026-05-06 4:00:00,PENDING
6537,60,10,1847.03,Card,2026-05-05 20:00:00,PENDING
6538,371,6,1333.27,Card,2026-05-06 1:00:00,CANCELLED
6539,401,1,1770.79,Cash,2026-05-03 8:00:00,COMPLETED
6540,549,18,4795.06,Transfer,2026-05-01 7:00:00,CANCELLED
6541,789,8,4887.33,Transfer,2026-05-02 16:00:00,COMPLETED
6542,62,13,4204.8,Cash,2026-05-07 5:00:00,PENDING
6543,730,11,1005.21,Transfer,2026-05-04 5:00:00,COMPLETED
6544,14,19,2362.08,Card,2026-05-02 18:00:00,PENDING
6545,712,15,4992.44,Cash,2026-05-03 8:00:00,COMPLETED
6546,631,14,1740.51,Cash,2026-05-07 8:00:00,COMPLETED
6547,274,4,579.92,Cash,2026-05-07 2:00:00,PENDING
6548,169,17,2518.74,Card,2026-05-02 14:00:00,CANCELLED
6549,67,10,4268.53,Cash,2026-05-05 14:00:00,COMPLETED
6550,393,3,2696.42,Cash,2026-05-05 3:00:00,PENDING
6551,2,4,677.41,Transfer,2026-05-03 7:00:00,PENDING
6552,257,5,4544.34,Card,2026-05-03 2:00:00,CANCELLED
6553,924,14,3963.95,Cash,2026-05-02 22:00:00,COMPLETED
6554,766,2,1363.46,Transfer,2026-05-07 6:00:00,PENDING
6555,14,1,3638.51,Transfer,2026-05-05 15:00:00,CANCELLED
6556,295,4,3814.52,Cash,2026-05-03 11:00:00,PENDING
6557,408,17,661.23,Transfer,2026-05-04 6:00:00,CANCELLED
6558,703,17,1087.43,Cash,2026-05-03 3:00:00,CANCELLED
6559,195,4,4557.66,Transfer,2026-05-01 0:00:00,COMPLETED
6560,558,1,4100.14,Card,2026-05-05 11:00:00,PENDING
6561,136,20,569.72,Transfer,2026-05-01 16:00:00,CANCELLED
6562,890,2,3984.66,Transfer,2026-05-07 1:00:00,CANCELLED
6563,255,1,2799.81,Card,2026-05-05 11:00:00,PENDING
6564,824,5,4158.08,Card,2026-05-03 19:00:00,COMPLETED
6565,700,8,3781.01,Card,2026-05-03 14:00:00,PENDING
6566,798,8,2166.13,Transfer,2026-05-02 13:00:00,COMPLETED
6567,812,4,2176.43,Transfer,2026-05-02 12:00:00,CANCELLED
6568,839,20,4084.62,Cash,2026-05-03 15:00:00,COMPLETED
6569,111,14,4950.3,Transfer,2026-05-04 0:00:00,PENDING
6570,666,1,3852.66,Cash,2026-05-04 3:00:00,PENDING
6571,916,17,1512.5,Transfer,2026-05-05 6:00:00,CANCELLED
6572,187,9,3046.96,Cash,2026-05-01 5:00:00,COMPLETED
6573,984,14,515.02,Cash,2026-05-07 10:00:00,CANCELLED
6574,970,20,4271.32,Transfer,2026-05-03 9:00:00,COMPLETED
6575,582,1,2665.94,Cash,2026-05-02 2:00:00,COMPLETED
6576,198,10,2291.9,Transfer,2026-05-06 16:00:00,CANCELLED
6577,662,7,3108.46,Transfer,2026-05-04 23:00:00,CANCELLED
6578,157,15,4823.76,Card,2026-05-01 8:00:00,COMPLETED
6579,522,3,3687.19,Card,2026-05-06 22:00:00,COMPLETED
6580,560,2,4305.58,Cash,2026-05-07 16:00:00,COMPLETED
6581,882,13,4885.55,Card,2026-05-07 2:00:00,COMPLETED
6582,938,9,1155.06,Card,2026-05-03 12:00:00,COMPLETED
6583,232,8,832.25,Transfer,2026-05-05 1:00:00,CANCELLED
6584,574,10,4178.92,Card,2026-05-04 10:00:00,CANCELLED
6585,643,16,2006.85,Cash,2026-05-01 7:00:00,COMPLETED
6586,963,19,3362.8,Card,2026-05-05 22:00:00,COMPLETED
6587,716,8,3322.64,Cash,2026-05-07 11:00:00,COMPLETED
6588,478,15,3574.32,Card,2026-05-01 21:00:00,PENDING
6589,287,7,713.27,Card,2026-05-05 20:00:00,CANCELLED
6590,623,17,3367.27,Card,2026-05-04 1:00:00,CANCELLED
6591,856,6,4469.19,Cash,2026-05-06 1:00:00,PENDING
6592,638,14,3784.29,Cash,2026-05-01 13:00:00,CANCELLED
6593,849,2,4021.93,Transfer,2026-05-07 19:00:00,PENDING
6594,222,10,1234.11,Transfer,2026-05-04 11:00:00,COMPLETED
6595,729,6,605.92,Card,2026-05-05 20:00:00,COMPLETED
6596,482,7,1455.59,Card,2026-05-02 13:00:00,COMPLETED
6597,12,18,1688.7,Card,2026-05-02 6:00:00,PENDING
6598,702,11,4182.62,Card,2026-05-06 20:00:00,COMPLETED
6599,175,8,3708.36,Card,2026-05-07 16:00:00,PENDING
6600,940,7,882.27,Cash,2026-05-01 23:00:00,CANCELLED
6601,180,8,3355.73,Transfer,2026-05-01 6:00:00,CANCELLED
6602,182,3,2556.62,Card,2026-05-02 11:00:00,PENDING
6603,623,8,580.39,Cash,2026-05-03 14:00:00,CANCELLED
6604,581,13,4931.78,Cash,2026-05-04 23:00:00,CANCELLED
6605,112,19,1399.79,Card,2026-05-02 13:00:00,PENDING
6606,56,1,2592.15,Card,2026-05-03 23:00:00,PENDING
6607,798,17,3758.67,Cash,2026-05-02 22:00:00,COMPLETED
6608,681,1,4814.33,Transfer,2026-05-03 9:00:00,COMPLETED
6609,294,17,3539.42,Cash,2026-05-06 22:00:00,COMPLETED
6610,733,9,4566.18,Transfer,2026-05-04 10:00:00,CANCELLED
6611,217,7,1427.5,Card,2026-05-04 23:00:00,PENDING
6612,616,18,3747.84,Cash,2026-05-03 17:00:00,CANCELLED
6613,706,12,2366.42,Cash,2026-05-02 3:00:00,COMPLETED
6614,63,10,1531.38,Transfer,2026-05-03 14:00:00,COMPLETED
6615,308,19,4328.21,Cash,2026-05-01 5:00:00,COMPLETED
6616,592,6,4940.95,Transfer,2026-05-04 14:00:00,CANCELLED
6617,313,3,3769.31,Transfer,2026-05-02 1:00:00,COMPLETED
6618,647,5,1961.6,Cash,2026-05-03 22:00:00,CANCELLED
6619,481,7,3169.33,Card,2026-05-04 21:00:00,CANCELLED
6620,856,4,861.22,Card,2026-05-04 4:00:00,COMPLETED
6621,476,3,1154.62,Cash,2026-05-05 14:00:00,CANCELLED
6622,539,12,1371.09,Card,2026-05-01 7:00:00,COMPLETED
6623,81,8,3820.96,Transfer,2026-05-06 10:00:00,PENDING
6624,808,14,2298.31,Card,2026-05-01 11:00:00,COMPLETED
6625,75,20,4280.79,Card,2026-05-05 11:00:00,COMPLETED
6626,783,4,513.25,Transfer,2026-05-01 0:00:00,COMPLETED
6627,24,10,2394.11,Cash,2026-05-07 17:00:00,CANCELLED
6628,1000,5,1688.4,Card,2026-05-06 0:00:00,PENDING
6629,27,9,3565.18,Cash,2026-05-02 10:00:00,COMPLETED
6630,236,20,2277.87,Transfer,2026-05-05 3:00:00,CANCELLED
6631,364,6,2470.83,Card,2026-05-07 5:00:00,CANCELLED
6632,128,1,4133.27,Card,2026-05-04 0:00:00,PENDING
6633,991,10,2819.54,Card,2026-05-05 9:00:00,PENDING
6634,399,12,4757.51,Card,2026-05-05 19:00:00,COMPLETED
6635,112,12,1838.65,Transfer,2026-05-03 16:00:00,PENDING
6636,17,18,4016.24,Cash,2026-05-06 9:00:00,CANCELLED
6637,66,9,1274.15,Cash,2026-05-01 13:00:00,PENDING
6638,801,6,4781.44,Card,2026-05-01 16:00:00,CANCELLED
6639,353,18,1436.64,Cash,2026-05-02 6:00:00,PENDING
6640,882,4,627.5,Card,2026-05-05 3:00:00,CANCELLED
6641,136,19,2279.39,Cash,2026-05-06 19:00:00,CANCELLED
6642,850,1,2056.99,Transfer,2026-05-04 14:00:00,CANCELLED
6643,716,6,3588.23,Card,2026-05-03 12:00:00,COMPLETED
6644,957,12,4871.34,Cash,2026-05-07 20:00:00,CANCELLED
6645,424,12,4218.48,Cash,2026-05-02 10:00:00,PENDING
6646,9,8,2962.65,Cash,2026-05-01 9:00:00,PENDING
6647,451,13,1793.11,Card,2026-05-06 10:00:00,COMPLETED
6648,122,16,4051.38,Card,2026-05-04 3:00:00,COMPLETED
6649,252,2,1829.65,Card,2026-05-06 10:00:00,COMPLETED
6650,408,14,3863.88,Card,2026-05-04 13:00:00,COMPLETED
6651,945,17,2749.23,Card,2026-05-02 17:00:00,PENDING
6652,143,17,4541.89,Cash,2026-05-03 20:00:00,CANCELLED
6653,140,8,3731.51,Transfer,2026-05-07 19:00:00,PENDING
6654,560,12,928.85,Transfer,2026-05-02 18:00:00,PENDING
6655,459,12,1358.03,Transfer,2026-05-05 9:00:00,COMPLETED
6656,181,11,4922.93,Card,2026-05-01 7:00:00,COMPLETED
6657,66,16,1275.84,Card,2026-05-04 22:00:00,PENDING
6658,817,7,531.95,Card,2026-05-06 1:00:00,COMPLETED
6659,802,16,2465.81,Card,2026-05-02 6:00:00,CANCELLED
6660,444,1,3037.77,Card,2026-05-03 15:00:00,COMPLETED
6661,632,14,3706.18,Card,2026-05-01 23:00:00,COMPLETED
6662,36,1,4136.83,Card,2026-05-01 15:00:00,PENDING
6663,661,7,3254.1,Cash,2026-05-07 0:00:00,CANCELLED
6664,190,20,4292.55,Cash,2026-05-02 21:00:00,COMPLETED
6665,978,9,3989.58,Card,2026-05-04 8:00:00,COMPLETED
6666,747,13,2378.42,Transfer,2026-05-04 23:00:00,PENDING
6667,107,20,3276.35,Transfer,2026-05-02 9:00:00,COMPLETED
6668,273,6,1394.42,Cash,2026-05-04 2:00:00,CANCELLED
6669,900,17,1559.7,Transfer,2026-05-02 8:00:00,COMPLETED
6670,665,15,2589.76,Card,2026-05-02 18:00:00,PENDING
6671,15,13,1929.63,Card,2026-05-04 18:00:00,COMPLETED
6672,532,14,2816.63,Card,2026-05-01 12:00:00,COMPLETED
6673,560,6,2480.17,Transfer,2026-05-07 20:00:00,PENDING
6674,45,15,4297.06,Transfer,2026-05-04 10:00:00,COMPLETED
6675,996,20,1262.89,Cash,2026-05-06 10:00:00,COMPLETED
6676,370,8,3318.65,Transfer,2026-05-06 4:00:00,PENDING
6677,605,15,1019.09,Card,2026-05-06 22:00:00,COMPLETED
6678,824,19,866.22,Card,2026-05-05 10:00:00,COMPLETED
6679,99,1,2971.49,Card,2026-05-06 23:00:00,PENDING
6680,764,1,1545.77,Card,2026-05-03 17:00:00,COMPLETED
6681,404,11,3359.49,Cash,2026-05-05 1:00:00,CANCELLED
6682,539,8,1610.66,Transfer,2026-05-04 19:00:00,COMPLETED
6683,24,11,821.11,Card,2026-05-05 11:00:00,COMPLETED
6684,534,5,853.54,Card,2026-05-03 9:00:00,CANCELLED
6685,382,20,987.96,Cash,2026-05-07 20:00:00,COMPLETED
6686,469,7,1576.58,Transfer,2026-05-06 8:00:00,CANCELLED
6687,53,13,1777.27,Cash,2026-05-03 16:00:00,COMPLETED
6688,593,10,4873.11,Card,2026-05-05 21:00:00,PENDING
6689,709,8,4573.52,Transfer,2026-05-04 15:00:00,COMPLETED
6690,38,8,2439.05,Cash,2026-05-01 7:00:00,PENDING
6691,195,9,4894.54,Card,2026-05-01 7:00:00,CANCELLED
6692,357,3,2328.36,Transfer,2026-05-07 18:00:00,CANCELLED
6693,87,11,2919.26,Transfer,2026-05-03 3:00:00,PENDING
6694,174,5,3210.99,Cash,2026-05-05 13:00:00,COMPLETED
6695,762,3,3556.65,Cash,2026-05-04 19:00:00,CANCELLED
6696,73,14,4694.53,Transfer,2026-05-02 7:00:00,CANCELLED
6697,902,1,1993.21,Cash,2026-05-06 3:00:00,COMPLETED
6698,359,14,1221.2,Transfer,2026-05-02 0:00:00,COMPLETED
6699,901,15,4536.66,Cash,2026-05-01 8:00:00,CANCELLED
6700,612,6,1102.84,Cash,2026-05-04 6:00:00,CANCELLED
6701,843,19,3247.43,Transfer,2026-05-07 3:00:00,CANCELLED
6702,905,6,3628.18,Transfer,2026-05-06 6:00:00,CANCELLED
6703,228,16,1043.78,Card,2026-05-07 11:00:00,CANCELLED
6704,970,9,3407.98,Card,2026-05-03 10:00:00,COMPLETED
6705,186,3,4052.07,Cash,2026-05-03 3:00:00,PENDING
6706,483,14,4252.57,Cash,2026-05-07 10:00:00,COMPLETED
6707,105,6,3950.81,Cash,2026-05-07 0:00:00,COMPLETED
6708,997,10,2805.85,Card,2026-05-02 18:00:00,COMPLETED
6709,311,14,4877.71,Transfer,2026-05-07 2:00:00,CANCELLED
6710,285,3,881.04,Transfer,2026-05-07 0:00:00,PENDING
6711,372,8,1144.19,Card,2026-05-02 11:00:00,COMPLETED
6712,758,2,650.28,Cash,2026-05-05 16:00:00,CANCELLED
6713,911,9,652.18,Transfer,2026-05-06 9:00:00,CANCELLED
6714,914,11,4494.59,Cash,2026-05-07 15:00:00,CANCELLED
6715,628,5,2656.22,Transfer,2026-05-04 15:00:00,COMPLETED
6716,329,4,2897.91,Transfer,2026-05-01 13:00:00,CANCELLED
6717,630,7,3330.4,Transfer,2026-05-05 18:00:00,COMPLETED
6718,649,3,1046.83,Card,2026-05-06 13:00:00,COMPLETED
6719,932,4,2850.45,Transfer,2026-05-01 16:00:00,CANCELLED
6720,752,19,3635.99,Cash,2026-05-01 21:00:00,PENDING
6721,136,2,1644.32,Cash,2026-05-06 2:00:00,PENDING
6722,621,18,1293.89,Card,2026-05-01 6:00:00,CANCELLED
6723,762,1,3862.7,Card,2026-05-06 13:00:00,PENDING
6724,290,15,557.22,Transfer,2026-05-04 22:00:00,PENDING
6725,149,20,2042.97,Card,2026-05-03 14:00:00,COMPLETED
6726,463,14,3883.82,Card,2026-05-06 7:00:00,COMPLETED
6727,704,12,1545.51,Transfer,2026-05-01 7:00:00,PENDING
6728,584,5,2349.03,Transfer,2026-05-06 3:00:00,PENDING
6729,662,5,3890.17,Transfer,2026-05-06 18:00:00,PENDING
6730,334,14,4063.69,Card,2026-05-07 20:00:00,PENDING
6731,366,4,1148.17,Transfer,2026-05-02 15:00:00,PENDING
6732,335,19,4402.57,Card,2026-05-03 14:00:00,COMPLETED
6733,255,12,2063.47,Cash,2026-05-06 6:00:00,CANCELLED
6734,978,19,3317.7,Card,2026-05-02 5:00:00,COMPLETED
6735,59,14,986.42,Transfer,2026-05-04 14:00:00,CANCELLED
6736,579,5,1488.48,Transfer,2026-05-03 21:00:00,CANCELLED
6737,447,14,2263.5,Card,2026-05-01 19:00:00,CANCELLED
6738,653,5,3301.68,Cash,2026-05-07 5:00:00,CANCELLED
6739,310,9,601.29,Transfer,2026-05-03 16:00:00,PENDING
6740,508,17,2305.21,Cash,2026-05-06 19:00:00,PENDING
6741,10,11,1765.7,Cash,2026-05-04 3:00:00,COMPLETED
6742,205,2,1365.9,Transfer,2026-05-05 12:00:00,CANCELLED
6743,788,9,2362.94,Card,2026-05-03 5:00:00,PENDING
6744,175,16,715.74,Transfer,2026-05-04 2:00:00,CANCELLED
6745,734,11,1385.03,Transfer,2026-05-02 17:00:00,CANCELLED
6746,82,2,3229.5,Transfer,2026-05-07 1:00:00,PENDING
6747,11,13,1852.62,Transfer,2026-05-06 5:00:00,CANCELLED
6748,824,13,916.9,Transfer,2026-05-07 18:00:00,PENDING
6749,204,10,4178.49,Transfer,2026-05-07 5:00:00,CANCELLED
6750,912,16,4411.51,Cash,2026-05-03 18:00:00,COMPLETED
6751,529,19,2926.84,Card,2026-05-04 12:00:00,PENDING
6752,676,16,3545.84,Card,2026-05-06 9:00:00,PENDING
6753,809,19,1283.4,Cash,2026-05-02 23:00:00,CANCELLED
6754,783,14,1859.1,Card,2026-05-06 21:00:00,COMPLETED
6755,701,3,1824.99,Card,2026-05-01 4:00:00,PENDING
6756,486,6,2489.39,Transfer,2026-05-07 4:00:00,PENDING
6757,160,20,3219.27,Card,2026-05-05 1:00:00,COMPLETED
6758,586,20,1098.93,Cash,2026-05-05 20:00:00,COMPLETED
6759,509,18,3749.87,Transfer,2026-05-01 14:00:00,CANCELLED
6760,453,3,2275.93,Transfer,2026-05-05 10:00:00,CANCELLED
6761,355,20,2637.06,Card,2026-05-05 22:00:00,COMPLETED
6762,194,4,3868.75,Transfer,2026-05-03 11:00:00,CANCELLED
6763,991,10,1045.28,Card,2026-05-04 14:00:00,COMPLETED
6764,966,16,2921.28,Card,2026-05-03 3:00:00,PENDING
6765,160,6,1768.42,Card,2026-05-07 1:00:00,PENDING
6766,177,20,2732.56,Cash,2026-05-07 4:00:00,PENDING
6767,484,4,2985.05,Card,2026-05-07 19:00:00,CANCELLED
6768,220,15,3587.17,Card,2026-05-06 0:00:00,CANCELLED
6769,546,2,573.92,Cash,2026-05-01 5:00:00,COMPLETED
6770,184,14,3326.27,Cash,2026-05-01 9:00:00,COMPLETED
6771,386,15,2957.94,Transfer,2026-05-05 20:00:00,CANCELLED
6772,952,15,4393.74,Card,2026-05-04 8:00:00,COMPLETED
6773,747,8,2151.08,Transfer,2026-05-03 8:00:00,COMPLETED
6774,37,15,2288.56,Card,2026-05-04 19:00:00,COMPLETED
6775,777,5,4094.46,Cash,2026-05-01 20:00:00,COMPLETED
6776,986,16,4899.41,Cash,2026-05-04 11:00:00,PENDING
6777,691,14,3059.92,Transfer,2026-05-03 18:00:00,CANCELLED
6778,878,6,1284.32,Cash,2026-05-01 20:00:00,PENDING
6779,273,7,2001.41,Transfer,2026-05-07 1:00:00,CANCELLED
6780,468,7,786.12,Cash,2026-05-01 15:00:00,PENDING
6781,822,4,1642.17,Card,2026-05-02 0:00:00,CANCELLED
6782,948,15,3827.99,Card,2026-05-05 1:00:00,PENDING
6783,233,18,4430.76,Cash,2026-05-02 12:00:00,CANCELLED
6784,706,16,3013.82,Transfer,2026-05-02 21:00:00,COMPLETED
6785,29,9,2652.24,Card,2026-05-02 13:00:00,CANCELLED
6786,278,17,4193.47,Cash,2026-05-02 12:00:00,CANCELLED
6787,209,10,948.39,Cash,2026-05-04 5:00:00,PENDING
6788,691,13,3351.01,Cash,2026-05-06 3:00:00,COMPLETED
6789,32,13,4000.0,Cash,2026-05-07 11:00:00,CANCELLED
6790,804,12,1490.99,Transfer,2026-05-07 1:00:00,PENDING
6791,695,9,1822.6,Card,2026-05-04 17:00:00,PENDING
6792,19,19,1118.69,Transfer,2026-05-06 17:00:00,CANCELLED
6793,847,12,1638.71,Card,2026-05-02 23:00:00,PENDING
6794,928,20,3363.78,Card,2026-05-07 5:00:00,PENDING
6795,512,12,2623.23,Transfer,2026-05-05 11:00:00,PENDING
6796,694,16,4447.52,Cash,2026-05-03 2:00:00,CANCELLED
6797,381,2,1645.86,Transfer,2026-05-04 1:00:00,PENDING
6798,566,11,3628.56,Card,2026-05-03 20:00:00,PENDING
6799,700,4,1267.66,Card,2026-05-07 8:00:00,COMPLETED
6800,674,9,4596.48,Card,2026-05-07 21:00:00,COMPLETED
6801,269,1,3169.81,Transfer,2026-05-07 22:00:00,CANCELLED
6802,931,18,4045.58,Transfer,2026-05-05 5:00:00,COMPLETED
6803,910,8,4404.28,Card,2026-05-07 3:00:00,CANCELLED
6804,408,10,2516.09,Transfer,2026-05-07 19:00:00,PENDING
6805,199,11,3048.46,Transfer,2026-05-04 8:00:00,PENDING
6806,45,9,1629.33,Card,2026-05-07 12:00:00,COMPLETED
6807,78,20,1365.07,Transfer,2026-05-05 6:00:00,COMPLETED
6808,436,9,4654.72,Cash,2026-05-06 21:00:00,COMPLETED
6809,688,13,2037.91,Card,2026-05-02 21:00:00,CANCELLED
6810,963,2,2402.74,Transfer,2026-05-03 6:00:00,PENDING
6811,486,4,3166.58,Transfer,2026-05-05 22:00:00,COMPLETED
6812,746,9,1703.26,Cash,2026-05-05 5:00:00,COMPLETED
6813,594,2,3960.15,Transfer,2026-05-01 20:00:00,PENDING
6814,97,3,1259.39,Card,2026-05-03 13:00:00,COMPLETED
6815,354,20,893.69,Card,2026-05-02 0:00:00,COMPLETED
6816,107,13,1724.87,Card,2026-05-05 15:00:00,PENDING
6817,897,2,606.57,Card,2026-05-04 12:00:00,CANCELLED
6818,487,8,2841.37,Card,2026-05-01 12:00:00,PENDING
6819,320,13,591.08,Card,2026-05-04 9:00:00,CANCELLED
6820,318,4,4551.43,Transfer,2026-05-07 7:00:00,CANCELLED
6821,877,6,3587.47,Cash,2026-05-04 20:00:00,CANCELLED
6822,272,9,4270.77,Transfer,2026-05-02 7:00:00,PENDING
6823,109,7,1667.46,Cash,2026-05-06 20:00:00,PENDING
6824,137,4,1211.46,Card,2026-05-05 7:00:00,COMPLETED
6825,681,7,2174.07,Cash,2026-05-07 22:00:00,COMPLETED
6826,726,10,2327.47,Card,2026-05-06 20:00:00,PENDING
6827,802,15,3487.1,Transfer,2026-05-05 10:00:00,CANCELLED
6828,977,17,1143.24,Card,2026-05-04 11:00:00,CANCELLED
6829,111,5,4112.15,Card,2026-05-03 8:00:00,PENDING
6830,316,3,2610.76,Transfer,2026-05-03 20:00:00,PENDING
6831,291,17,1202.4,Cash,2026-05-01 5:00:00,COMPLETED
6832,148,20,4788.12,Card,2026-05-06 19:00:00,PENDING
6833,585,13,2753.6,Cash,2026-05-03 13:00:00,CANCELLED
6834,149,9,2942.17,Card,2026-05-04 10:00:00,CANCELLED
6835,805,20,3322.34,Card,2026-05-05 14:00:00,CANCELLED
6836,570,2,4114.63,Card,2026-05-04 17:00:00,CANCELLED
6837,35,9,1637.71,Transfer,2026-05-07 1:00:00,CANCELLED
6838,365,17,1301.73,Transfer,2026-05-06 4:00:00,PENDING
6839,66,6,3581.32,Cash,2026-05-02 13:00:00,PENDING
6840,799,8,2099.51,Cash,2026-05-07 13:00:00,CANCELLED
6841,31,3,584.15,Cash,2026-05-07 0:00:00,COMPLETED
6842,379,10,2860.25,Transfer,2026-05-02 10:00:00,COMPLETED
6843,926,18,2955.9,Transfer,2026-05-01 14:00:00,CANCELLED
6844,118,17,3398.3,Card,2026-05-07 1:00:00,COMPLETED
6845,372,19,2648.14,Transfer,2026-05-07 12:00:00,CANCELLED
6846,757,6,4133.36,Card,2026-05-01 8:00:00,PENDING
6847,905,12,1622.01,Card,2026-05-05 9:00:00,COMPLETED
6848,962,16,4184.98,Card,2026-05-05 11:00:00,COMPLETED
6849,186,10,2426.21,Card,2026-05-02 13:00:00,CANCELLED
6850,862,6,3656.82,Transfer,2026-05-04 19:00:00,CANCELLED
6851,370,9,2737.72,Cash,2026-05-06 12:00:00,PENDING
6852,96,1,4182.78,Transfer,2026-05-02 17:00:00,COMPLETED
6853,754,13,3369.63,Cash,2026-05-02 19:00:00,PENDING
6854,749,13,4495.46,Card,2026-05-05 4:00:00,COMPLETED
6855,667,20,3767.94,Transfer,2026-05-02 2:00:00,CANCELLED
6856,486,14,1922.25,Card,2026-05-06 15:00:00,COMPLETED
6857,417,9,2206.3,Transfer,2026-05-07 1:00:00,PENDING
6858,66,7,3278.85,Cash,2026-05-06 7:00:00,COMPLETED
6859,984,14,4330.92,Cash,2026-05-06 0:00:00,PENDING
6860,544,5,3990.99,Card,2026-05-03 18:00:00,COMPLETED
6861,875,5,549.64,Transfer,2026-05-07 2:00:00,CANCELLED
6862,125,6,806.36,Cash,2026-05-05 5:00:00,CANCELLED
6863,928,20,4909.94,Card,2026-05-07 12:00:00,COMPLETED
6864,536,16,1929.7,Transfer,2026-05-07 19:00:00,PENDING
6865,604,10,3277.69,Cash,2026-05-06 11:00:00,PENDING
6866,605,8,2961.37,Cash,2026-05-06 14:00:00,COMPLETED
6867,369,2,4029.26,Transfer,2026-05-07 19:00:00,COMPLETED
6868,13,6,3682.32,Card,2026-05-01 20:00:00,CANCELLED
6869,692,7,4021.58,Transfer,2026-05-04 1:00:00,CANCELLED
6870,77,17,2604.25,Transfer,2026-05-03 4:00:00,CANCELLED
6871,335,9,3341.43,Card,2026-05-04 8:00:00,CANCELLED
6872,520,11,2648.21,Transfer,2026-05-02 10:00:00,COMPLETED
6873,577,6,1669.72,Transfer,2026-05-03 19:00:00,PENDING
6874,352,11,1363.17,Card,2026-05-01 11:00:00,COMPLETED
6875,477,20,1736.84,Card,2026-05-06 18:00:00,CANCELLED
6876,495,20,3012.07,Transfer,2026-05-04 22:00:00,COMPLETED
6877,555,5,2856.11,Transfer,2026-05-02 20:00:00,CANCELLED
6878,927,12,668.34,Cash,2026-05-02 21:00:00,PENDING
6879,66,20,4850.18,Transfer,2026-05-04 16:00:00,CANCELLED
6880,863,1,1603.78,Transfer,2026-05-01 17:00:00,COMPLETED
6881,106,15,2811.96,Transfer,2026-05-07 18:00:00,PENDING
6882,943,4,4303.23,Transfer,2026-05-01 14:00:00,COMPLETED
6883,86,17,4599.12,Card,2026-05-04 2:00:00,CANCELLED
6884,22,8,4589.61,Cash,2026-05-05 3:00:00,CANCELLED
6885,651,20,1836.31,Card,2026-05-05 23:00:00,COMPLETED
6886,717,15,2328.53,Card,2026-05-05 5:00:00,PENDING
6887,190,2,3695.62,Transfer,2026-05-02 6:00:00,COMPLETED
6888,521,18,915.86,Transfer,2026-05-04 17:00:00,COMPLETED
6889,851,14,738.06,Transfer,2026-05-07 7:00:00,CANCELLED
6890,330,8,2405.94,Transfer,2026-05-05 4:00:00,PENDING
6891,35,3,1504.05,Transfer,2026-05-01 6:00:00,COMPLETED
6892,760,17,1709.92,Cash,2026-05-02 2:00:00,PENDING
6893,530,18,4483.7,Transfer,2026-05-04 21:00:00,COMPLETED
6894,420,6,1617.89,Transfer,2026-05-01 21:00:00,CANCELLED
6895,903,8,4189.7,Transfer,2026-05-05 8:00:00,CANCELLED
6896,612,2,3522.53,Transfer,2026-05-01 12:00:00,COMPLETED
6897,838,19,1816.84,Card,2026-05-04 0:00:00,CANCELLED
6898,212,14,1647.08,Card,2026-05-05 12:00:00,PENDING
6899,694,8,993.27,Cash,2026-05-03 5:00:00,CANCELLED
6900,22,3,4374.62,Cash,2026-05-01 2:00:00,PENDING
6901,315,20,3074.09,Card,2026-05-05 4:00:00,PENDING
6902,58,14,565.64,Card,2026-05-07 17:00:00,PENDING
6903,619,17,4361.86,Card,2026-05-02 20:00:00,COMPLETED
6904,584,10,4898.26,Transfer,2026-05-07 7:00:00,CANCELLED
6905,798,1,876.91,Transfer,2026-05-04 18:00:00,COMPLETED
6906,631,10,3112.19,Card,2026-05-07 7:00:00,PENDING
6907,295,16,1895.4,Transfer,2026-05-04 7:00:00,PENDING
6908,976,2,2413.27,Card,2026-05-01 6:00:00,PENDING
6909,455,15,1949.72,Transfer,2026-05-06 7:00:00,COMPLETED
6910,808,1,3229.11,Cash,2026-05-07 22:00:00,PENDING
6911,237,2,548.67,Card,2026-05-02 14:00:00,COMPLETED
6912,246,16,1864.62,Card,2026-05-02 7:00:00,CANCELLED
6913,732,17,4259.51,Transfer,2026-05-01 7:00:00,PENDING
6914,354,9,4439.19,Card,2026-05-06 16:00:00,COMPLETED
6915,797,6,3428.73,Cash,2026-05-03 17:00:00,PENDING
6916,710,8,2751.25,Card,2026-05-03 16:00:00,CANCELLED
6917,560,6,4238.62,Transfer,2026-05-06 9:00:00,COMPLETED
6918,10,12,4047.38,Cash,2026-05-06 9:00:00,PENDING
6919,734,9,2305.75,Transfer,2026-05-06 15:00:00,CANCELLED
6920,71,3,1590.36,Cash,2026-05-06 22:00:00,CANCELLED
6921,939,13,748.59,Transfer,2026-05-01 17:00:00,COMPLETED
6922,574,16,946.36,Cash,2026-05-07 19:00:00,COMPLETED
6923,20,18,3013.88,Transfer,2026-05-03 12:00:00,COMPLETED
6924,780,7,4426.83,Cash,2026-05-06 22:00:00,CANCELLED
6925,784,8,897.54,Transfer,2026-05-04 21:00:00,PENDING
6926,722,9,1378.8,Transfer,2026-05-05 8:00:00,CANCELLED
6927,953,5,4087.16,Card,2026-05-05 15:00:00,COMPLETED
6928,891,4,944.59,Card,2026-05-02 15:00:00,COMPLETED
6929,652,11,2854.7,Card,2026-05-04 22:00:00,COMPLETED
6930,853,17,4716.95,Card,2026-05-02 5:00:00,COMPLETED
6931,356,14,3137.35,Transfer,2026-05-07 14:00:00,COMPLETED
6932,959,8,790.08,Card,2026-05-05 1:00:00,CANCELLED
6933,841,16,4872.64,Cash,2026-05-04 5:00:00,COMPLETED
6934,962,9,4590.62,Card,2026-05-07 23:00:00,CANCELLED
6935,116,3,2266.19,Transfer,2026-05-05 2:00:00,COMPLETED
6936,100,16,4080.16,Card,2026-05-01 17:00:00,PENDING
6937,537,2,3505.48,Transfer,2026-05-03 10:00:00,CANCELLED
6938,820,4,3099.36,Transfer,2026-05-03 23:00:00,CANCELLED
6939,227,9,3335.03,Card,2026-05-01 4:00:00,CANCELLED
6940,638,20,4791.34,Cash,2026-05-06 15:00:00,PENDING
6941,597,5,3613.0,Transfer,2026-05-01 14:00:00,COMPLETED
6942,340,11,2154.85,Card,2026-05-03 16:00:00,PENDING
6943,600,1,3101.0,Card,2026-05-01 10:00:00,CANCELLED
6944,146,10,3925.67,Card,2026-05-01 8:00:00,PENDING
6945,421,4,665.07,Card,2026-05-07 19:00:00,CANCELLED
6946,511,20,2002.12,Transfer,2026-05-06 6:00:00,CANCELLED
6947,122,1,2028.28,Cash,2026-05-07 23:00:00,PENDING
6948,167,1,1165.63,Transfer,2026-05-05 13:00:00,COMPLETED
6949,488,5,2483.42,Transfer,2026-05-06 4:00:00,CANCELLED
6950,30,12,1154.02,Card,2026-05-03 3:00:00,PENDING
6951,939,8,2103.73,Cash,2026-05-04 14:00:00,COMPLETED
6952,673,20,4712.39,Transfer,2026-05-01 2:00:00,PENDING
6953,184,5,918.27,Card,2026-05-06 23:00:00,PENDING
6954,327,13,2984.46,Card,2026-05-02 19:00:00,CANCELLED
6955,710,4,3065.56,Cash,2026-05-06 10:00:00,CANCELLED
6956,705,15,4327.38,Cash,2026-05-05 1:00:00,COMPLETED
6957,711,13,667.37,Card,2026-05-06 3:00:00,PENDING
6958,886,4,2084.49,Cash,2026-05-03 6:00:00,PENDING
6959,699,8,1697.09,Transfer,2026-05-01 17:00:00,CANCELLED
6960,589,20,3680.65,Cash,2026-05-04 4:00:00,CANCELLED
6961,495,5,805.18,Transfer,2026-05-06 6:00:00,PENDING
6962,803,11,4991.0,Transfer,2026-05-06 20:00:00,CANCELLED
6963,130,18,2750.42,Cash,2026-05-03 11:00:00,PENDING
6964,354,18,1782.34,Cash,2026-05-03 8:00:00,PENDING
6965,505,16,1397.5,Transfer,2026-05-03 19:00:00,CANCELLED
6966,924,13,4846.25,Card,2026-05-05 19:00:00,COMPLETED
6967,830,15,3646.5,Transfer,2026-05-04 2:00:00,PENDING
6968,542,11,3788.16,Cash,2026-05-03 5:00:00,CANCELLED
6969,299,12,2184.52,Cash,2026-05-01 10:00:00,PENDING
6970,816,8,2088.04,Cash,2026-05-01 1:00:00,PENDING
6971,892,11,4170.04,Cash,2026-05-02 16:00:00,PENDING
6972,888,17,1052.96,Transfer,2026-05-02 14:00:00,PENDING
6973,98,13,2162.61,Cash,2026-05-03 20:00:00,CANCELLED
6974,664,7,3208.32,Cash,2026-05-05 13:00:00,PENDING
6975,397,7,3556.51,Transfer,2026-05-06 21:00:00,COMPLETED
6976,690,6,2663.43,Transfer,2026-05-02 16:00:00,PENDING
6977,225,14,1528.63,Transfer,2026-05-02 21:00:00,PENDING
6978,726,18,4319.84,Card,2026-05-04 6:00:00,COMPLETED
6979,956,1,4004.69,Card,2026-05-01 6:00:00,PENDING
6980,158,3,4219.26,Transfer,2026-05-07 15:00:00,COMPLETED
6981,693,11,1243.35,Cash,2026-05-01 12:00:00,COMPLETED
6982,626,8,2236.46,Transfer,2026-05-07 17:00:00,CANCELLED
6983,68,5,1286.85,Card,2026-05-06 16:00:00,COMPLETED
6984,365,6,3808.39,Transfer,2026-05-06 6:00:00,PENDING
6985,164,7,1710.92,Card,2026-05-03 15:00:00,COMPLETED
6986,635,18,1487.53,Transfer,2026-05-07 20:00:00,CANCELLED
6987,314,6,2266.87,Transfer,2026-05-03 18:00:00,COMPLETED
6988,269,4,1576.94,Cash,2026-05-07 21:00:00,COMPLETED
6989,810,18,2069.55,Transfer,2026-05-01 13:00:00,COMPLETED
6990,38,15,2335.63,Card,2026-05-07 9:00:00,COMPLETED
6991,1,8,1738.22,Cash,2026-05-03 10:00:00,COMPLETED
6992,910,2,4716.08,Transfer,2026-05-06 19:00:00,PENDING
6993,918,18,1397.13,Cash,2026-05-05 16:00:00,CANCELLED
6994,958,3,4564.9,Transfer,2026-05-01 18:00:00,COMPLETED
6995,807,8,4137.36,Transfer,2026-05-05 20:00:00,CANCELLED
6996,65,7,1604.67,Transfer,2026-05-06 19:00:00,PENDING
6997,800,6,3773.14,Card,2026-05-03 15:00:00,CANCELLED
6998,50,12,3745.4,Card,2026-05-02 16:00:00,PENDING
6999,584,17,1188.88,Cash,2026-05-05 13:00:00,CANCELLED
7000,834,2,2342.02,Transfer,2026-05-05 6:00:00,COMPLETED
7001,173,7,4248.46,Card,2026-05-06 0:00:00,PENDING
7002,955,13,2157.82,Transfer,2026-05-04 23:00:00,CANCELLED
7003,218,9,3396.94,Cash,2026-05-01 23:00:00,PENDING
7004,956,2,4193.51,Cash,2026-05-04 13:00:00,COMPLETED
7005,360,7,4347.84,Transfer,2026-05-02 17:00:00,COMPLETED
7006,299,1,2454.75,Cash,2026-05-03 12:00:00,PENDING
7007,879,6,2536.91,Cash,2026-05-04 13:00:00,CANCELLED
7008,516,3,668.69,Cash,2026-05-02 2:00:00,PENDING
7009,342,20,2491.48,Cash,2026-05-05 3:00:00,COMPLETED
7010,941,7,2135.31,Card,2026-05-01 10:00:00,COMPLETED
7011,827,9,4559.63,Cash,2026-05-03 13:00:00,PENDING
7012,915,20,1781.98,Cash,2026-05-03 7:00:00,COMPLETED
7013,583,9,835.6,Card,2026-05-06 23:00:00,PENDING
7014,792,9,1179.26,Card,2026-05-05 4:00:00,COMPLETED
7015,773,4,3421.19,Cash,2026-05-06 13:00:00,COMPLETED
7016,183,13,4618.93,Cash,2026-05-07 2:00:00,COMPLETED
7017,517,2,4239.38,Transfer,2026-05-02 18:00:00,PENDING
7018,70,3,2565.38,Transfer,2026-05-03 2:00:00,COMPLETED
7019,582,15,4487.15,Cash,2026-05-01 13:00:00,PENDING
7020,1,8,709.63,Cash,2026-05-04 10:00:00,PENDING
7021,616,16,2448.21,Cash,2026-05-03 5:00:00,CANCELLED
7022,383,19,4052.21,Cash,2026-05-01 15:00:00,PENDING
7023,330,6,4634.11,Cash,2026-05-05 7:00:00,CANCELLED
7024,719,5,4533.37,Cash,2026-05-06 3:00:00,COMPLETED
7025,89,19,4224.16,Transfer,2026-05-01 4:00:00,CANCELLED
7026,98,1,3973.29,Transfer,2026-05-02 1:00:00,COMPLETED
7027,1,14,3084.45,Card,2026-05-01 6:00:00,CANCELLED
7028,987,8,3357.94,Cash,2026-05-01 17:00:00,COMPLETED
7029,43,7,2486.73,Transfer,2026-05-04 10:00:00,COMPLETED
7030,799,13,4844.89,Cash,2026-05-02 10:00:00,COMPLETED
7031,118,7,2566.67,Cash,2026-05-02 16:00:00,COMPLETED
7032,392,5,661.73,Transfer,2026-05-05 17:00:00,COMPLETED
7033,437,8,2566.64,Card,2026-05-01 11:00:00,COMPLETED
7034,713,17,3289.73,Transfer,2026-05-05 5:00:00,PENDING
7035,408,4,3331.75,Transfer,2026-05-04 10:00:00,CANCELLED
7036,897,9,2761.73,Transfer,2026-05-04 4:00:00,CANCELLED
7037,452,6,2550.84,Card,2026-05-02 13:00:00,COMPLETED
7038,892,14,1900.09,Transfer,2026-05-07 14:00:00,CANCELLED
7039,654,1,2798.83,Transfer,2026-05-06 16:00:00,COMPLETED
7040,29,11,2494.82,Transfer,2026-05-03 9:00:00,CANCELLED
7041,145,5,4317.06,Transfer,2026-05-06 23:00:00,PENDING
7042,158,7,4078.91,Cash,2026-05-07 16:00:00,PENDING
7043,4,9,4696.24,Transfer,2026-05-05 23:00:00,PENDING
7044,269,4,2216.22,Cash,2026-05-01 0:00:00,COMPLETED
7045,307,8,3681.07,Cash,2026-05-02 10:00:00,COMPLETED
7046,716,1,4377.94,Card,2026-05-05 21:00:00,COMPLETED
7047,481,9,1410.78,Cash,2026-05-06 12:00:00,CANCELLED
7048,834,14,4871.41,Cash,2026-05-03 10:00:00,PENDING
7049,949,15,3345.88,Transfer,2026-05-07 5:00:00,CANCELLED
7050,801,7,1539.36,Card,2026-05-07 11:00:00,COMPLETED
7051,271,18,1380.46,Card,2026-05-05 4:00:00,CANCELLED
7052,211,2,858.03,Cash,2026-05-01 15:00:00,COMPLETED
7053,857,15,3897.49,Card,2026-05-04 7:00:00,CANCELLED
7054,316,11,1872.6,Cash,2026-05-04 16:00:00,CANCELLED
7055,68,18,2825.12,Card,2026-05-06 4:00:00,CANCELLED
7056,970,15,3768.24,Cash,2026-05-06 3:00:00,CANCELLED
7057,103,19,1014.94,Transfer,2026-05-02 5:00:00,CANCELLED
7058,976,17,627.76,Card,2026-05-02 6:00:00,PENDING
7059,66,1,1974.65,Transfer,2026-05-06 19:00:00,COMPLETED
7060,380,2,3453.36,Cash,2026-05-05 12:00:00,PENDING
7061,540,19,1439.39,Transfer,2026-05-03 2:00:00,PENDING
7062,720,15,3796.75,Card,2026-05-05 2:00:00,CANCELLED
7063,53,3,534.31,Transfer,2026-05-06 7:00:00,CANCELLED
7064,916,2,1739.98,Card,2026-05-02 16:00:00,CANCELLED
7065,40,15,624.59,Transfer,2026-05-07 7:00:00,PENDING
7066,917,3,1270.6,Card,2026-05-01 15:00:00,PENDING
7067,767,6,3925.41,Card,2026-05-05 15:00:00,CANCELLED
7068,639,15,3020.58,Transfer,2026-05-02 16:00:00,COMPLETED
7069,740,17,3208.0,Transfer,2026-05-03 19:00:00,CANCELLED
7070,595,3,4571.6,Cash,2026-05-05 9:00:00,PENDING
7071,11,6,710.83,Cash,2026-05-07 3:00:00,PENDING
7072,945,17,3270.68,Cash,2026-05-05 20:00:00,COMPLETED
7073,379,17,4025.11,Cash,2026-05-07 22:00:00,COMPLETED
7074,113,9,4305.15,Transfer,2026-05-06 15:00:00,CANCELLED
7075,32,9,2722.36,Card,2026-05-06 9:00:00,COMPLETED
7076,95,10,581.24,Card,2026-05-01 0:00:00,CANCELLED
7077,269,3,1843.99,Transfer,2026-05-06 16:00:00,PENDING
7078,363,1,3347.9,Transfer,2026-05-07 13:00:00,CANCELLED
7079,558,17,2714.51,Transfer,2026-05-04 5:00:00,CANCELLED
7080,378,3,1156.4,Transfer,2026-05-03 16:00:00,COMPLETED
7081,653,12,2986.53,Cash,2026-05-05 5:00:00,CANCELLED
7082,908,8,2384.33,Transfer,2026-05-06 16:00:00,CANCELLED
7083,332,17,3463.45,Cash,2026-05-06 1:00:00,COMPLETED
7084,498,13,4033.53,Transfer,2026-05-04 3:00:00,PENDING
7085,185,18,4789.63,Cash,2026-05-03 20:00:00,COMPLETED
7086,628,14,4474.04,Transfer,2026-05-03 5:00:00,COMPLETED
7087,963,14,2694.61,Cash,2026-05-07 19:00:00,PENDING
7088,117,11,885.54,Card,2026-05-04 12:00:00,COMPLETED
7089,974,14,3714.78,Transfer,2026-05-01 12:00:00,PENDING
7090,262,17,4896.18,Card,2026-05-04 17:00:00,CANCELLED
7091,775,18,3825.82,Cash,2026-05-05 20:00:00,PENDING
7092,162,4,736.37,Cash,2026-05-06 5:00:00,CANCELLED
7093,9,15,993.5,Transfer,2026-05-06 22:00:00,CANCELLED
7094,479,5,510.09,Card,2026-05-06 11:00:00,PENDING
7095,981,15,2269.93,Transfer,2026-05-06 13:00:00,PENDING
7096,167,6,1814.86,Cash,2026-05-03 12:00:00,CANCELLED
7097,842,2,3301.7,Card,2026-05-05 17:00:00,PENDING
7098,507,7,1088.48,Cash,2026-05-04 0:00:00,COMPLETED
7099,550,2,1246.38,Cash,2026-05-04 3:00:00,CANCELLED
7100,365,4,4162.38,Transfer,2026-05-02 11:00:00,CANCELLED
7101,575,13,2306.78,Card,2026-05-02 20:00:00,COMPLETED
7102,921,2,4965.07,Card,2026-05-01 11:00:00,COMPLETED
7103,655,14,1729.05,Transfer,2026-05-04 1:00:00,PENDING
7104,957,1,3817.96,Transfer,2026-05-03 22:00:00,CANCELLED
7105,350,9,1511.42,Transfer,2026-05-01 0:00:00,COMPLETED
7106,102,11,3523.08,Transfer,2026-05-06 16:00:00,CANCELLED
7107,21,1,513.92,Transfer,2026-05-03 3:00:00,COMPLETED
7108,259,17,2617.59,Transfer,2026-05-01 19:00:00,COMPLETED
7109,328,15,4273.47,Cash,2026-05-04 19:00:00,COMPLETED
7110,654,16,4545.41,Cash,2026-05-06 19:00:00,COMPLETED
7111,809,16,4976.36,Transfer,2026-05-05 22:00:00,PENDING
7112,406,4,660.87,Transfer,2026-05-03 13:00:00,CANCELLED
7113,149,3,1550.86,Cash,2026-05-01 3:00:00,CANCELLED
7114,522,4,1986.43,Transfer,2026-05-03 9:00:00,PENDING
7115,582,15,2192.45,Card,2026-05-07 8:00:00,PENDING
7116,568,6,1647.85,Card,2026-05-04 18:00:00,COMPLETED
7117,204,15,3953.83,Cash,2026-05-03 14:00:00,CANCELLED
7118,236,6,2007.78,Transfer,2026-05-04 8:00:00,PENDING
7119,971,11,3586.43,Cash,2026-05-05 3:00:00,COMPLETED
7120,190,12,4495.18,Cash,2026-05-01 10:00:00,PENDING
7121,605,6,1104.9,Card,2026-05-07 3:00:00,COMPLETED
7122,206,16,3519.47,Cash,2026-05-06 11:00:00,CANCELLED
7123,849,10,2141.48,Cash,2026-05-05 7:00:00,PENDING
7124,816,7,2248.46,Cash,2026-05-07 21:00:00,COMPLETED
7125,886,9,1095.93,Transfer,2026-05-05 3:00:00,PENDING
7126,253,19,2325.28,Card,2026-05-04 14:00:00,PENDING
7127,926,13,3362.94,Card,2026-05-07 1:00:00,COMPLETED
7128,838,8,4202.02,Card,2026-05-06 2:00:00,CANCELLED
7129,488,5,1891.22,Card,2026-05-07 23:00:00,COMPLETED
7130,553,9,4383.19,Cash,2026-05-05 14:00:00,CANCELLED
7131,430,1,3234.99,Transfer,2026-05-01 3:00:00,CANCELLED
7132,112,17,3698.51,Cash,2026-05-04 11:00:00,COMPLETED
7133,183,5,3801.02,Transfer,2026-05-01 0:00:00,PENDING
7134,428,6,2060.31,Card,2026-05-04 14:00:00,CANCELLED
7135,162,1,3548.17,Cash,2026-05-07 22:00:00,PENDING
7136,247,16,881.35,Transfer,2026-05-07 20:00:00,PENDING
7137,895,3,726.42,Cash,2026-05-06 8:00:00,CANCELLED
7138,499,20,3232.4,Transfer,2026-05-03 16:00:00,CANCELLED
7139,794,12,2150.56,Transfer,2026-05-06 14:00:00,COMPLETED
7140,975,4,4966.2,Card,2026-05-02 10:00:00,COMPLETED
7141,257,7,2759.61,Transfer,2026-05-02 17:00:00,CANCELLED
7142,326,4,2518.25,Card,2026-05-04 5:00:00,COMPLETED
7143,689,11,3595.32,Transfer,2026-05-01 13:00:00,PENDING
7144,740,3,2154.73,Card,2026-05-03 13:00:00,PENDING
7145,171,8,1393.59,Transfer,2026-05-01 20:00:00,COMPLETED
7146,514,10,745.24,Cash,2026-05-05 10:00:00,PENDING
7147,927,6,2920.13,Cash,2026-05-02 18:00:00,COMPLETED
7148,265,9,2010.63,Transfer,2026-05-02 16:00:00,COMPLETED
7149,824,19,2471.99,Cash,2026-05-06 12:00:00,COMPLETED
7150,295,10,2816.45,Cash,2026-05-03 15:00:00,PENDING
7151,986,17,3457.13,Card,2026-05-06 0:00:00,CANCELLED
7152,314,6,3959.57,Card,2026-05-07 13:00:00,COMPLETED
7153,700,11,4321.07,Card,2026-05-03 19:00:00,CANCELLED
7154,147,7,2810.12,Card,2026-05-07 4:00:00,CANCELLED
7155,654,9,873.69,Transfer,2026-05-05 17:00:00,PENDING
7156,754,13,2358.59,Cash,2026-05-06 17:00:00,PENDING
7157,290,1,4282.48,Cash,2026-05-01 16:00:00,CANCELLED
7158,909,16,1499.06,Card,2026-05-03 10:00:00,CANCELLED
7159,71,2,601.46,Cash,2026-05-06 0:00:00,PENDING
7160,342,11,4169.03,Transfer,2026-05-03 0:00:00,COMPLETED
7161,787,3,4810.41,Cash,2026-05-05 22:00:00,COMPLETED
7162,185,14,3170.76,Card,2026-05-07 15:00:00,CANCELLED
7163,383,20,1607.09,Card,2026-05-07 10:00:00,CANCELLED
7164,172,4,4623.12,Cash,2026-05-03 22:00:00,PENDING
7165,818,13,2633.26,Transfer,2026-05-01 3:00:00,CANCELLED
7166,646,20,1719.29,Transfer,2026-05-04 15:00:00,CANCELLED
7167,905,7,3123.77,Transfer,2026-05-05 12:00:00,CANCELLED
7168,646,6,3792.56,Card,2026-05-03 8:00:00,COMPLETED
7169,413,18,3801.75,Card,2026-05-05 7:00:00,CANCELLED
7170,851,16,1248.99,Cash,2026-05-07 16:00:00,CANCELLED
7171,373,20,1340.16,Transfer,2026-05-07 3:00:00,COMPLETED
7172,136,15,4188.53,Transfer,2026-05-07 7:00:00,PENDING
7173,895,2,3806.09,Transfer,2026-05-07 17:00:00,COMPLETED
7174,59,15,4033.49,Card,2026-05-05 11:00:00,PENDING
7175,15,4,3405.39,Cash,2026-05-04 10:00:00,COMPLETED
7176,263,4,2334.5,Transfer,2026-05-05 16:00:00,PENDING
7177,306,2,3804.68,Transfer,2026-05-07 6:00:00,PENDING
7178,443,2,952.12,Card,2026-05-05 17:00:00,COMPLETED
7179,411,12,2085.6,Transfer,2026-05-05 21:00:00,CANCELLED
7180,960,15,931.8,Card,2026-05-06 18:00:00,COMPLETED
7181,904,5,1110.4,Card,2026-05-05 11:00:00,PENDING
7182,197,6,4780.54,Card,2026-05-04 18:00:00,COMPLETED
7183,728,13,620.83,Cash,2026-05-07 20:00:00,CANCELLED
7184,326,6,1689.85,Cash,2026-05-06 19:00:00,PENDING
7185,423,6,1173.44,Card,2026-05-06 3:00:00,PENDING
7186,85,9,1645.78,Cash,2026-05-01 4:00:00,COMPLETED
7187,798,4,3163.86,Transfer,2026-05-02 22:00:00,CANCELLED
7188,399,8,1622.01,Cash,2026-05-04 15:00:00,CANCELLED
7189,836,4,4731.95,Transfer,2026-05-03 17:00:00,PENDING
7190,82,4,3200.25,Transfer,2026-05-04 19:00:00,CANCELLED
7191,420,19,3474.45,Transfer,2026-05-02 8:00:00,COMPLETED
7192,381,14,3098.09,Cash,2026-05-02 19:00:00,COMPLETED
7193,142,16,1086.14,Card,2026-05-05 5:00:00,PENDING
7194,367,16,2383.12,Cash,2026-05-06 18:00:00,COMPLETED
7195,884,16,1993.21,Transfer,2026-05-04 14:00:00,COMPLETED
7196,843,8,840.81,Cash,2026-05-02 12:00:00,PENDING
7197,754,5,3218.71,Transfer,2026-05-07 6:00:00,CANCELLED
7198,634,18,3204.5,Cash,2026-05-02 7:00:00,CANCELLED
7199,4,9,1457.33,Card,2026-05-02 2:00:00,COMPLETED
7200,153,11,2313.69,Card,2026-05-02 15:00:00,CANCELLED
7201,223,10,4977.0,Card,2026-05-01 19:00:00,PENDING
7202,504,16,3019.93,Cash,2026-05-06 18:00:00,PENDING
7203,102,2,1822.51,Card,2026-05-07 3:00:00,COMPLETED
7204,33,3,3916.35,Transfer,2026-05-01 7:00:00,CANCELLED
7205,623,10,3914.69,Transfer,2026-05-06 16:00:00,COMPLETED
7206,458,16,866.51,Cash,2026-05-04 13:00:00,CANCELLED
7207,355,19,1606.4,Cash,2026-05-04 8:00:00,COMPLETED
7208,52,14,3017.75,Transfer,2026-05-04 6:00:00,COMPLETED
7209,130,17,4396.89,Card,2026-05-01 6:00:00,COMPLETED
7210,814,7,2648.19,Cash,2026-05-02 6:00:00,COMPLETED
7211,657,19,1064.39,Transfer,2026-05-03 20:00:00,COMPLETED
7212,256,10,1354.56,Cash,2026-05-02 13:00:00,PENDING
7213,5,8,2246.2,Transfer,2026-05-01 19:00:00,CANCELLED
7214,696,13,523.04,Cash,2026-05-07 3:00:00,CANCELLED
7215,107,12,3503.82,Card,2026-05-01 19:00:00,PENDING
7216,331,7,3778.08,Card,2026-05-06 5:00:00,CANCELLED
7217,482,7,1573.15,Transfer,2026-05-07 7:00:00,PENDING
7218,689,6,1726.13,Cash,2026-05-02 18:00:00,PENDING
7219,945,16,2075.06,Card,2026-05-07 2:00:00,PENDING
7220,841,5,1722.38,Card,2026-05-01 12:00:00,CANCELLED
7221,384,3,1561.53,Transfer,2026-05-02 6:00:00,COMPLETED
7222,66,8,4205.57,Cash,2026-05-06 6:00:00,CANCELLED
7223,664,10,4470.74,Card,2026-05-03 20:00:00,PENDING
7224,667,20,2930.91,Cash,2026-05-03 10:00:00,PENDING
7225,251,17,1525.99,Transfer,2026-05-05 7:00:00,CANCELLED
7226,273,15,984.24,Transfer,2026-05-02 23:00:00,PENDING
7227,617,12,4573.61,Cash,2026-05-03 14:00:00,CANCELLED
7228,518,2,2809.58,Transfer,2026-05-03 0:00:00,CANCELLED
7229,679,18,1507.04,Card,2026-05-06 13:00:00,CANCELLED
7230,347,10,3275.77,Transfer,2026-05-01 6:00:00,PENDING
7231,624,19,3211.73,Transfer,2026-05-04 19:00:00,COMPLETED
7232,809,2,676.5,Cash,2026-05-01 9:00:00,CANCELLED
7233,633,4,4872.63,Cash,2026-05-02 3:00:00,PENDING
7234,616,8,4784.12,Cash,2026-05-05 18:00:00,PENDING
7235,869,13,2402.14,Transfer,2026-05-06 15:00:00,COMPLETED
7236,797,18,1865.9,Cash,2026-05-01 15:00:00,PENDING
7237,722,1,2365.8,Cash,2026-05-02 0:00:00,PENDING
7238,366,17,1169.19,Cash,2026-05-02 11:00:00,PENDING
7239,619,2,4850.71,Cash,2026-05-06 11:00:00,PENDING
7240,355,9,4467.75,Card,2026-05-02 17:00:00,CANCELLED
7241,822,1,4163.47,Card,2026-05-05 15:00:00,CANCELLED
7242,509,16,1852.45,Transfer,2026-05-07 11:00:00,COMPLETED
7243,259,17,4458.93,Card,2026-05-01 13:00:00,COMPLETED
7244,448,7,3933.76,Cash,2026-05-07 1:00:00,PENDING
7245,171,3,4379.93,Card,2026-05-03 1:00:00,CANCELLED
7246,859,1,1857.4,Card,2026-05-07 10:00:00,CANCELLED
7247,796,6,3844.32,Cash,2026-05-01 10:00:00,COMPLETED
7248,699,18,2338.28,Cash,2026-05-03 12:00:00,CANCELLED
7249,850,6,565.42,Cash,2026-05-04 9:00:00,PENDING
7250,936,19,2735.75,Transfer,2026-05-03 17:00:00,COMPLETED
7251,570,9,2373.57,Cash,2026-05-01 11:00:00,COMPLETED
7252,264,17,3361.76,Transfer,2026-05-06 22:00:00,PENDING
7253,134,4,1040.66,Transfer,2026-05-01 23:00:00,CANCELLED
7254,7,3,4320.43,Transfer,2026-05-03 2:00:00,CANCELLED
7255,111,17,4022.89,Cash,2026-05-04 15:00:00,PENDING
7256,668,16,2377.66,Transfer,2026-05-06 15:00:00,CANCELLED
7257,499,8,2334.24,Transfer,2026-05-07 23:00:00,PENDING
7258,865,5,3601.2,Cash,2026-05-07 18:00:00,COMPLETED
7259,539,10,4431.22,Cash,2026-05-05 6:00:00,CANCELLED
7260,196,10,2384.89,Cash,2026-05-06 10:00:00,COMPLETED
7261,877,15,3468.1,Card,2026-05-02 19:00:00,CANCELLED
7262,226,10,961.17,Transfer,2026-05-05 7:00:00,PENDING
7263,549,14,2624.16,Card,2026-05-01 10:00:00,CANCELLED
7264,686,5,2729.67,Card,2026-05-03 2:00:00,PENDING
7265,185,15,4556.62,Transfer,2026-05-06 14:00:00,PENDING
7266,88,16,4707.71,Transfer,2026-05-07 3:00:00,CANCELLED
7267,743,1,3713.31,Card,2026-05-07 8:00:00,COMPLETED
7268,730,13,4146.09,Card,2026-05-03 13:00:00,CANCELLED
7269,928,17,2561.24,Cash,2026-05-04 10:00:00,PENDING
7270,985,8,2272.34,Transfer,2026-05-06 4:00:00,CANCELLED
7271,614,17,4928.33,Transfer,2026-05-05 17:00:00,CANCELLED
7272,827,15,2879.76,Transfer,2026-05-02 22:00:00,PENDING
7273,538,7,4263.6,Transfer,2026-05-04 6:00:00,CANCELLED
7274,581,17,2041.7,Card,2026-05-06 18:00:00,PENDING
7275,304,9,4333.21,Cash,2026-05-07 19:00:00,PENDING
7276,186,6,718.29,Card,2026-05-03 10:00:00,PENDING
7277,616,13,1915.24,Cash,2026-05-06 16:00:00,COMPLETED
7278,937,4,4835.61,Cash,2026-05-03 16:00:00,CANCELLED
7279,530,7,3965.22,Card,2026-05-07 11:00:00,PENDING
7280,37,17,3982.64,Cash,2026-05-04 19:00:00,PENDING
7281,242,12,562.07,Card,2026-05-07 23:00:00,PENDING
7282,690,6,4033.33,Cash,2026-05-01 19:00:00,PENDING
7283,447,11,2876.52,Cash,2026-05-04 21:00:00,CANCELLED
7284,594,4,1788.22,Card,2026-05-05 14:00:00,COMPLETED
7285,846,3,1207.59,Card,2026-05-03 7:00:00,COMPLETED
7286,520,12,4511.71,Transfer,2026-05-02 4:00:00,PENDING
7287,663,20,4362.43,Transfer,2026-05-02 9:00:00,PENDING
7288,736,13,3518.15,Transfer,2026-05-01 17:00:00,CANCELLED
7289,566,18,2065.67,Transfer,2026-05-05 7:00:00,COMPLETED
7290,819,1,1201.27,Card,2026-05-05 9:00:00,COMPLETED
7291,998,12,2044.94,Card,2026-05-03 7:00:00,CANCELLED
7292,224,6,4685.97,Cash,2026-05-04 12:00:00,COMPLETED
7293,740,7,4481.57,Cash,2026-05-06 10:00:00,PENDING
7294,995,6,1649.8,Card,2026-05-07 16:00:00,PENDING
7295,417,16,3686.46,Card,2026-05-01 0:00:00,CANCELLED
7296,457,2,3970.62,Cash,2026-05-04 6:00:00,CANCELLED
7297,199,20,642.62,Card,2026-05-05 17:00:00,PENDING
7298,177,14,2379.4,Cash,2026-05-03 20:00:00,CANCELLED
7299,702,14,2135.53,Transfer,2026-05-07 15:00:00,CANCELLED
7300,962,17,4628.39,Transfer,2026-05-05 10:00:00,COMPLETED
7301,196,10,1452.15,Card,2026-05-06 6:00:00,PENDING
7302,209,9,3577.98,Card,2026-05-03 23:00:00,CANCELLED
7303,347,17,3952.81,Transfer,2026-05-06 19:00:00,CANCELLED
7304,73,17,3800.26,Transfer,2026-05-07 6:00:00,CANCELLED
7305,700,19,1044.92,Card,2026-05-02 22:00:00,PENDING
7306,281,10,2479.8,Cash,2026-05-06 0:00:00,PENDING
7307,309,19,1048.07,Transfer,2026-05-04 7:00:00,COMPLETED
7308,881,12,2715.19,Cash,2026-05-04 20:00:00,COMPLETED
7309,307,3,667.58,Cash,2026-05-05 17:00:00,COMPLETED
7310,37,3,557.74,Card,2026-05-01 14:00:00,CANCELLED
7311,645,15,1391.45,Card,2026-05-04 17:00:00,COMPLETED
7312,44,14,1783.65,Cash,2026-05-05 12:00:00,PENDING
7313,811,14,3496.42,Cash,2026-05-04 15:00:00,CANCELLED
7314,173,14,3488.99,Transfer,2026-05-04 4:00:00,COMPLETED
7315,904,1,4425.04,Transfer,2026-05-03 20:00:00,PENDING
7316,723,12,1052.91,Card,2026-05-01 9:00:00,COMPLETED
7317,697,15,3286.28,Transfer,2026-05-04 18:00:00,PENDING
7318,587,5,2587.65,Card,2026-05-06 19:00:00,CANCELLED
7319,863,12,3692.1,Transfer,2026-05-02 6:00:00,CANCELLED
7320,992,6,4354.85,Cash,2026-05-07 0:00:00,COMPLETED
7321,428,13,1064.39,Card,2026-05-04 11:00:00,PENDING
7322,967,7,1648.87,Card,2026-05-02 4:00:00,COMPLETED
7323,85,1,4971.16,Transfer,2026-05-03 19:00:00,PENDING
7324,665,6,4953.16,Card,2026-05-03 20:00:00,CANCELLED
7325,990,14,946.42,Cash,2026-05-01 6:00:00,PENDING
7326,635,8,1584.07,Cash,2026-05-07 16:00:00,COMPLETED
7327,415,10,2026.36,Card,2026-05-03 8:00:00,COMPLETED
7328,707,8,771.85,Card,2026-05-07 20:00:00,PENDING
7329,95,16,3703.96,Transfer,2026-05-07 17:00:00,COMPLETED
7330,361,16,4905.49,Transfer,2026-05-07 5:00:00,COMPLETED
7331,821,13,1767.65,Card,2026-05-06 23:00:00,PENDING
7332,524,11,3568.07,Cash,2026-05-01 5:00:00,CANCELLED
7333,604,8,1182.78,Cash,2026-05-07 16:00:00,PENDING
7334,848,19,4160.59,Card,2026-05-04 7:00:00,PENDING
7335,84,14,4708.19,Cash,2026-05-04 12:00:00,CANCELLED
7336,472,19,625.21,Card,2026-05-03 12:00:00,CANCELLED
7337,358,19,1918.98,Transfer,2026-05-03 3:00:00,CANCELLED
7338,716,12,3761.27,Card,2026-05-03 22:00:00,CANCELLED
7339,861,11,2735.4,Card,2026-05-06 17:00:00,PENDING
7340,88,13,4459.77,Cash,2026-05-07 21:00:00,PENDING
7341,108,8,2279.47,Transfer,2026-05-02 16:00:00,COMPLETED
7342,730,1,2741.98,Card,2026-05-07 3:00:00,CANCELLED
7343,948,17,3263.83,Transfer,2026-05-04 19:00:00,CANCELLED
7344,965,7,2370.58,Cash,2026-05-06 19:00:00,CANCELLED
7345,523,1,2645.51,Transfer,2026-05-03 15:00:00,CANCELLED
7346,98,4,4679.29,Cash,2026-05-02 19:00:00,COMPLETED
7347,244,15,1061.46,Cash,2026-05-04 17:00:00,PENDING
7348,657,2,604.45,Transfer,2026-05-05 6:00:00,PENDING
7349,70,2,4951.57,Card,2026-05-04 16:00:00,COMPLETED
7350,624,1,776.91,Cash,2026-05-03 6:00:00,COMPLETED
7351,126,11,3194.07,Transfer,2026-05-05 22:00:00,CANCELLED
7352,566,15,2535.52,Card,2026-05-07 15:00:00,CANCELLED
7353,275,12,599.88,Cash,2026-05-05 20:00:00,COMPLETED
7354,706,19,4320.1,Card,2026-05-07 16:00:00,CANCELLED
7355,922,14,1881.24,Cash,2026-05-06 6:00:00,PENDING
7356,693,8,2873.99,Transfer,2026-05-01 16:00:00,PENDING
7357,466,5,996.5,Cash,2026-05-07 6:00:00,PENDING
7358,148,20,2522.0,Transfer,2026-05-06 6:00:00,COMPLETED
7359,745,4,2631.91,Card,2026-05-07 22:00:00,PENDING
7360,227,18,4851.7,Transfer,2026-05-02 16:00:00,CANCELLED
7361,910,14,4565.34,Transfer,2026-05-01 0:00:00,COMPLETED
7362,368,2,2763.79,Transfer,2026-05-02 21:00:00,COMPLETED
7363,862,19,1949.61,Card,2026-05-05 4:00:00,COMPLETED
7364,715,19,3386.56,Card,2026-05-07 4:00:00,COMPLETED
7365,726,9,2408.21,Transfer,2026-05-03 12:00:00,COMPLETED
7366,142,4,2759.81,Transfer,2026-05-06 10:00:00,COMPLETED
7367,544,17,2559.19,Cash,2026-05-02 15:00:00,PENDING
7368,178,3,4416.52,Cash,2026-05-07 14:00:00,PENDING
7369,160,8,2667.99,Transfer,2026-05-06 5:00:00,CANCELLED
7370,418,20,756.39,Transfer,2026-05-05 18:00:00,PENDING
7371,308,13,2470.43,Cash,2026-05-01 16:00:00,PENDING
7372,744,3,3073.82,Transfer,2026-05-01 0:00:00,COMPLETED
7373,661,5,1456.57,Transfer,2026-05-06 14:00:00,CANCELLED
7374,242,9,1939.28,Card,2026-05-05 11:00:00,PENDING
7375,262,15,1121.12,Card,2026-05-03 3:00:00,PENDING
7376,740,13,2054.1,Card,2026-05-04 19:00:00,PENDING
7377,616,19,909.19,Cash,2026-05-03 20:00:00,PENDING
7378,398,11,3247.35,Cash,2026-05-01 8:00:00,COMPLETED
7379,526,3,3592.52,Card,2026-05-07 6:00:00,COMPLETED
7380,586,8,2327.93,Card,2026-05-04 17:00:00,COMPLETED
7381,280,13,4865.98,Card,2026-05-03 18:00:00,PENDING
7382,999,4,4580.95,Cash,2026-05-03 7:00:00,CANCELLED
7383,683,5,2818.44,Cash,2026-05-05 20:00:00,PENDING
7384,484,2,3002.93,Card,2026-05-01 14:00:00,PENDING
7385,570,5,1909.15,Card,2026-05-04 14:00:00,CANCELLED
7386,437,19,4435.98,Transfer,2026-05-04 5:00:00,CANCELLED
7387,289,13,4463.7,Card,2026-05-03 10:00:00,COMPLETED
7388,979,5,2599.99,Card,2026-05-02 13:00:00,COMPLETED
7389,85,19,4150.68,Cash,2026-05-05 22:00:00,COMPLETED
7390,23,10,4865.59,Cash,2026-05-05 21:00:00,COMPLETED
7391,427,2,2633.49,Card,2026-05-05 1:00:00,PENDING
7392,872,15,922.97,Cash,2026-05-02 15:00:00,CANCELLED
7393,337,16,2818.37,Cash,2026-05-06 21:00:00,CANCELLED
7394,471,1,531.03,Card,2026-05-03 7:00:00,CANCELLED
7395,218,18,3452.97,Transfer,2026-05-04 3:00:00,PENDING
7396,852,8,4259.51,Card,2026-05-03 11:00:00,COMPLETED
7397,430,20,4477.09,Transfer,2026-05-05 23:00:00,COMPLETED
7398,235,2,4721.75,Transfer,2026-05-04 11:00:00,COMPLETED
7399,828,20,4556.04,Card,2026-05-05 10:00:00,CANCELLED
7400,870,16,2666.47,Transfer,2026-05-07 7:00:00,PENDING
7401,252,13,3213.47,Card,2026-05-06 14:00:00,PENDING
7402,406,4,3046.93,Card,2026-05-04 7:00:00,PENDING
7403,345,15,2187.31,Cash,2026-05-02 0:00:00,CANCELLED
7404,115,20,964.65,Cash,2026-05-04 22:00:00,PENDING
7405,327,10,3740.58,Card,2026-05-03 22:00:00,PENDING
7406,474,10,755.15,Transfer,2026-05-02 23:00:00,PENDING
7407,346,9,1305.59,Transfer,2026-05-06 8:00:00,PENDING
7408,914,16,1107.75,Cash,2026-05-07 6:00:00,CANCELLED
7409,283,16,2666.61,Card,2026-05-02 20:00:00,COMPLETED
7410,646,2,2242.41,Card,2026-05-05 4:00:00,COMPLETED
7411,772,8,4295.21,Cash,2026-05-05 22:00:00,CANCELLED
7412,555,8,1299.64,Transfer,2026-05-02 6:00:00,CANCELLED
7413,644,4,969.7,Transfer,2026-05-02 6:00:00,CANCELLED
7414,286,15,4942.62,Transfer,2026-05-03 6:00:00,PENDING
7415,809,2,1517.13,Card,2026-05-06 4:00:00,COMPLETED
7416,828,6,4742.73,Cash,2026-05-03 3:00:00,CANCELLED
7417,228,17,1414.97,Transfer,2026-05-04 1:00:00,CANCELLED
7418,638,10,733.77,Card,2026-05-03 20:00:00,CANCELLED
7419,606,19,828.32,Card,2026-05-06 17:00:00,CANCELLED
7420,769,19,4466.1,Transfer,2026-05-01 5:00:00,CANCELLED
7421,971,13,790.7,Cash,2026-05-04 10:00:00,COMPLETED
7422,901,15,3927.63,Cash,2026-05-04 3:00:00,COMPLETED
7423,431,18,3714.42,Cash,2026-05-03 3:00:00,PENDING
7424,745,12,2460.65,Card,2026-05-01 17:00:00,COMPLETED
7425,167,17,695.51,Transfer,2026-05-01 9:00:00,CANCELLED
7426,948,9,814.63,Card,2026-05-03 15:00:00,COMPLETED
7427,630,12,4535.7,Transfer,2026-05-06 6:00:00,PENDING
7428,150,19,4696.81,Cash,2026-05-01 19:00:00,PENDING
7429,541,19,4023.67,Cash,2026-05-07 20:00:00,CANCELLED
7430,671,2,2319.33,Transfer,2026-05-03 4:00:00,COMPLETED
7431,874,5,4456.91,Transfer,2026-05-07 2:00:00,CANCELLED
7432,574,11,1785.15,Cash,2026-05-01 11:00:00,CANCELLED
7433,981,1,581.25,Card,2026-05-06 20:00:00,CANCELLED
7434,208,8,1458.99,Cash,2026-05-05 10:00:00,PENDING
7435,797,3,4318.2,Cash,2026-05-04 18:00:00,PENDING
7436,841,11,2345.56,Cash,2026-05-05 17:00:00,CANCELLED
7437,388,11,984.54,Card,2026-05-01 23:00:00,COMPLETED
7438,591,20,1374.84,Transfer,2026-05-02 8:00:00,PENDING
7439,747,7,2651.49,Cash,2026-05-01 13:00:00,CANCELLED
7440,19,14,3769.68,Cash,2026-05-03 11:00:00,PENDING
7441,552,13,4534.38,Transfer,2026-05-04 16:00:00,CANCELLED
7442,116,13,3915.28,Transfer,2026-05-01 23:00:00,CANCELLED
7443,519,7,4747.68,Transfer,2026-05-02 20:00:00,PENDING
7444,11,18,1367.78,Transfer,2026-05-06 4:00:00,CANCELLED
7445,58,13,1694.89,Card,2026-05-03 8:00:00,CANCELLED
7446,238,9,4360.86,Cash,2026-05-06 10:00:00,COMPLETED
7447,45,9,2764.84,Card,2026-05-04 15:00:00,CANCELLED
7448,311,18,2997.32,Card,2026-05-04 22:00:00,COMPLETED
7449,984,9,4418.49,Card,2026-05-04 7:00:00,PENDING
7450,789,5,2809.05,Card,2026-05-01 19:00:00,COMPLETED
7451,785,4,4310.8,Card,2026-05-03 22:00:00,COMPLETED
7452,774,16,3074.52,Transfer,2026-05-06 15:00:00,COMPLETED
7453,758,3,3944.32,Transfer,2026-05-04 12:00:00,PENDING
7454,583,20,1106.61,Cash,2026-05-01 17:00:00,COMPLETED
7455,707,18,3730.49,Cash,2026-05-04 11:00:00,CANCELLED
7456,814,14,3529.45,Card,2026-05-01 20:00:00,CANCELLED
7457,918,19,773.59,Transfer,2026-05-07 11:00:00,PENDING
7458,230,8,3561.38,Card,2026-05-03 21:00:00,COMPLETED
7459,392,1,3469.14,Card,2026-05-02 9:00:00,CANCELLED
7460,450,1,1491.55,Cash,2026-05-05 1:00:00,COMPLETED
7461,377,14,3213.24,Transfer,2026-05-07 18:00:00,COMPLETED
7462,965,10,2484.93,Transfer,2026-05-01 13:00:00,CANCELLED
7463,546,2,3582.3,Cash,2026-05-05 4:00:00,COMPLETED
7464,451,17,2341.96,Cash,2026-05-01 19:00:00,COMPLETED
7465,917,7,3685.59,Transfer,2026-05-02 21:00:00,PENDING
7466,101,4,2581.2,Transfer,2026-05-06 21:00:00,COMPLETED
7467,402,17,3763.75,Transfer,2026-05-04 1:00:00,COMPLETED
7468,525,9,2916.77,Transfer,2026-05-05 13:00:00,CANCELLED
7469,65,10,2729.07,Transfer,2026-05-05 15:00:00,PENDING
7470,341,6,1910.25,Transfer,2026-05-04 18:00:00,CANCELLED
7471,15,4,4895.46,Transfer,2026-05-01 14:00:00,CANCELLED
7472,70,9,3571.71,Transfer,2026-05-03 11:00:00,CANCELLED
7473,220,10,2864.35,Cash,2026-05-06 22:00:00,COMPLETED
7474,668,15,4114.56,Card,2026-05-02 17:00:00,CANCELLED
7475,282,15,1505.99,Cash,2026-05-07 13:00:00,PENDING
7476,425,16,2377.01,Cash,2026-05-03 9:00:00,CANCELLED
7477,841,20,4394.72,Cash,2026-05-04 7:00:00,CANCELLED
7478,291,19,1313.54,Card,2026-05-04 18:00:00,PENDING
7479,516,16,1644.76,Cash,2026-05-02 19:00:00,PENDING
7480,239,4,2742.82,Transfer,2026-05-01 10:00:00,CANCELLED
7481,997,20,3916.4,Card,2026-05-04 22:00:00,CANCELLED
7482,101,18,1517.29,Card,2026-05-07 17:00:00,COMPLETED
7483,756,6,4328.25,Card,2026-05-04 6:00:00,CANCELLED
7484,572,4,4683.36,Card,2026-05-04 9:00:00,COMPLETED
7485,789,4,4885.53,Transfer,2026-05-05 15:00:00,COMPLETED
7486,172,15,3188.5,Card,2026-05-05 9:00:00,COMPLETED
7487,527,16,637.44,Transfer,2026-05-06 22:00:00,COMPLETED
7488,930,12,2858.79,Cash,2026-05-05 1:00:00,PENDING
7489,905,13,2306.66,Card,2026-05-03 16:00:00,PENDING
7490,765,8,552.55,Cash,2026-05-07 11:00:00,CANCELLED
7491,113,17,2678.21,Cash,2026-05-05 0:00:00,COMPLETED
7492,29,12,3610.59,Card,2026-05-05 7:00:00,PENDING
7493,807,16,1365.59,Transfer,2026-05-03 8:00:00,PENDING
7494,918,17,531.66,Cash,2026-05-05 7:00:00,CANCELLED
7495,153,13,1380.26,Card,2026-05-04 7:00:00,PENDING
7496,28,9,567.03,Card,2026-05-02 11:00:00,COMPLETED
7497,272,12,4771.69,Cash,2026-05-01 8:00:00,CANCELLED
7498,804,12,733.66,Card,2026-05-04 7:00:00,COMPLETED
7499,101,7,4116.72,Card,2026-05-07 23:00:00,CANCELLED
7500,18,9,2097.02,Cash,2026-05-03 9:00:00,CANCELLED
7501,352,6,2996.33,Card,2026-05-03 5:00:00,COMPLETED
7502,991,14,2212.81,Card,2026-05-06 15:00:00,PENDING
7503,302,1,3791.39,Transfer,2026-05-01 21:00:00,COMPLETED
7504,520,6,4138.72,Transfer,2026-05-07 13:00:00,COMPLETED
7505,128,7,2766.9,Card,2026-05-04 4:00:00,COMPLETED
7506,713,1,3437.49,Cash,2026-05-01 1:00:00,COMPLETED
7507,289,18,4257.34,Transfer,2026-05-04 23:00:00,PENDING
7508,771,20,2747.36,Transfer,2026-05-02 7:00:00,COMPLETED
7509,524,3,3601.75,Card,2026-05-04 2:00:00,PENDING
7510,408,6,3433.29,Card,2026-05-01 22:00:00,COMPLETED
7511,696,5,1780.64,Transfer,2026-05-03 18:00:00,COMPLETED
7512,16,18,2630.28,Transfer,2026-05-02 6:00:00,CANCELLED
7513,372,20,788.16,Transfer,2026-05-01 5:00:00,CANCELLED
7514,126,16,1452.08,Card,2026-05-01 10:00:00,CANCELLED
7515,854,1,1867.92,Card,2026-05-03 9:00:00,CANCELLED
7516,955,10,4467.83,Card,2026-05-01 9:00:00,COMPLETED
7517,394,2,4470.57,Transfer,2026-05-06 5:00:00,COMPLETED
7518,487,20,4456.93,Transfer,2026-05-05 6:00:00,PENDING
7519,624,6,3526.82,Transfer,2026-05-04 13:00:00,CANCELLED
7520,991,4,4414.62,Cash,2026-05-04 10:00:00,CANCELLED
7521,625,7,2568.75,Card,2026-05-01 10:00:00,CANCELLED
7522,618,9,4501.44,Transfer,2026-05-05 12:00:00,PENDING
7523,250,19,4243.18,Cash,2026-05-05 12:00:00,PENDING
7524,787,1,2193.62,Transfer,2026-05-05 11:00:00,COMPLETED
7525,662,2,1573.96,Cash,2026-05-04 2:00:00,PENDING
7526,726,20,2785.53,Card,2026-05-06 16:00:00,PENDING
7527,939,14,1076.09,Transfer,2026-05-07 5:00:00,COMPLETED
7528,27,19,3024.51,Transfer,2026-05-05 15:00:00,CANCELLED
7529,171,11,2783.57,Transfer,2026-05-04 14:00:00,CANCELLED
7530,888,8,4341.82,Cash,2026-05-07 1:00:00,COMPLETED
7531,450,9,4351.65,Cash,2026-05-01 5:00:00,PENDING
7532,142,1,878.22,Card,2026-05-06 14:00:00,CANCELLED
7533,486,15,3156.12,Cash,2026-05-07 19:00:00,PENDING
7534,25,8,3518.28,Transfer,2026-05-04 7:00:00,CANCELLED
7535,602,17,2495.79,Cash,2026-05-03 10:00:00,CANCELLED
7536,247,13,4988.55,Card,2026-05-02 8:00:00,CANCELLED
7537,441,20,3028.71,Cash,2026-05-06 5:00:00,COMPLETED
7538,100,6,2139.05,Cash,2026-05-03 13:00:00,PENDING
7539,228,16,650.35,Transfer,2026-05-01 17:00:00,CANCELLED
7540,562,18,1592.39,Card,2026-05-06 0:00:00,PENDING
7541,431,9,1269.97,Card,2026-05-06 22:00:00,CANCELLED
7542,196,17,876.29,Card,2026-05-05 23:00:00,COMPLETED
7543,322,3,1397.07,Card,2026-05-05 22:00:00,PENDING
7544,354,18,4173.55,Card,2026-05-07 10:00:00,COMPLETED
7545,254,19,4704.29,Transfer,2026-05-04 13:00:00,PENDING
7546,105,13,2211.72,Card,2026-05-02 5:00:00,CANCELLED
7547,183,12,1079.9,Cash,2026-05-05 21:00:00,PENDING
7548,357,1,4780.34,Transfer,2026-05-04 23:00:00,PENDING
7549,469,17,2870.32,Card,2026-05-03 21:00:00,PENDING
7550,41,18,3934.09,Card,2026-05-05 5:00:00,COMPLETED
7551,176,15,1375.37,Card,2026-05-01 1:00:00,PENDING
7552,620,2,4623.86,Cash,2026-05-02 0:00:00,CANCELLED
7553,911,3,2167.76,Cash,2026-05-05 20:00:00,PENDING
7554,89,12,2367.42,Card,2026-05-03 14:00:00,PENDING
7555,652,18,2498.23,Transfer,2026-05-07 6:00:00,CANCELLED
7556,519,7,3968.77,Cash,2026-05-05 14:00:00,COMPLETED
7557,939,10,2265.17,Cash,2026-05-02 16:00:00,PENDING
7558,29,3,4731.18,Cash,2026-05-05 22:00:00,COMPLETED
7559,94,2,779.26,Card,2026-05-07 8:00:00,CANCELLED
7560,591,16,4969.64,Cash,2026-05-01 3:00:00,COMPLETED
7561,314,8,2160.2,Cash,2026-05-02 19:00:00,PENDING
7562,992,7,3539.69,Card,2026-05-06 1:00:00,CANCELLED
7563,389,8,3243.11,Card,2026-05-06 5:00:00,COMPLETED
7564,103,6,4915.2,Cash,2026-05-06 0:00:00,CANCELLED
7565,90,12,714.73,Card,2026-05-03 2:00:00,PENDING
7566,155,7,1441.21,Card,2026-05-03 23:00:00,PENDING
7567,531,11,2924.62,Cash,2026-05-04 9:00:00,CANCELLED
7568,473,6,3982.31,Card,2026-05-06 14:00:00,COMPLETED
7569,420,11,1428.74,Cash,2026-05-02 10:00:00,PENDING
7570,337,7,2789.32,Cash,2026-05-05 10:00:00,COMPLETED
7571,135,3,3433.51,Card,2026-05-07 17:00:00,PENDING
7572,696,9,1981.83,Cash,2026-05-06 20:00:00,CANCELLED
7573,252,20,4401.76,Card,2026-05-04 9:00:00,CANCELLED
7574,738,2,1199.23,Cash,2026-05-05 2:00:00,CANCELLED
7575,669,11,3363.55,Transfer,2026-05-07 11:00:00,PENDING
7576,498,4,4305.99,Card,2026-05-07 13:00:00,PENDING
7577,472,10,1922.19,Card,2026-05-06 20:00:00,CANCELLED
7578,261,10,895.68,Cash,2026-05-01 21:00:00,COMPLETED
7579,938,18,586.81,Transfer,2026-05-02 5:00:00,CANCELLED
7580,994,19,4154.47,Cash,2026-05-04 4:00:00,COMPLETED
7581,782,8,1702.52,Transfer,2026-05-04 13:00:00,COMPLETED
7582,969,6,4245.9,Transfer,2026-05-01 8:00:00,PENDING
7583,98,20,3296.07,Card,2026-05-01 14:00:00,CANCELLED
7584,459,20,1782.77,Cash,2026-05-05 6:00:00,PENDING
7585,221,1,2984.42,Cash,2026-05-03 18:00:00,CANCELLED
7586,195,20,2422.66,Cash,2026-05-04 14:00:00,CANCELLED
7587,966,17,1207.74,Card,2026-05-01 8:00:00,CANCELLED
7588,966,6,2031.51,Card,2026-05-07 10:00:00,CANCELLED
7589,373,3,4398.93,Transfer,2026-05-05 6:00:00,COMPLETED
7590,911,4,3495.88,Cash,2026-05-06 13:00:00,COMPLETED
7591,440,4,1398.2,Transfer,2026-05-01 21:00:00,CANCELLED
7592,754,13,4451.83,Card,2026-05-05 20:00:00,CANCELLED
7593,19,14,3335.23,Card,2026-05-07 19:00:00,PENDING
7594,790,15,528.57,Cash,2026-05-02 8:00:00,COMPLETED
7595,893,8,3824.6,Cash,2026-05-06 22:00:00,CANCELLED
7596,394,15,669.98,Cash,2026-05-04 23:00:00,COMPLETED
7597,673,15,2966.8,Card,2026-05-01 11:00:00,CANCELLED
7598,666,8,611.09,Cash,2026-05-07 17:00:00,PENDING
7599,464,17,4178.65,Transfer,2026-05-01 8:00:00,COMPLETED
7600,279,14,1001.44,Cash,2026-05-07 23:00:00,CANCELLED
7601,965,6,834.11,Transfer,2026-05-04 14:00:00,COMPLETED
7602,722,12,1504.22,Transfer,2026-05-04 23:00:00,COMPLETED
7603,250,18,1447.92,Cash,2026-05-03 3:00:00,CANCELLED
7604,616,14,4029.82,Transfer,2026-05-04 6:00:00,COMPLETED
7605,120,17,2162.17,Transfer,2026-05-04 7:00:00,PENDING
7606,555,14,4650.24,Cash,2026-05-01 13:00:00,PENDING
7607,333,6,1053.03,Transfer,2026-05-07 10:00:00,COMPLETED
7608,807,15,2896.74,Card,2026-05-05 1:00:00,PENDING
7609,62,18,2633.12,Transfer,2026-05-07 9:00:00,COMPLETED
7610,163,3,4240.3,Transfer,2026-05-04 22:00:00,COMPLETED
7611,371,10,2929.23,Card,2026-05-07 18:00:00,CANCELLED
7612,47,4,4412.16,Cash,2026-05-07 1:00:00,PENDING
7613,590,9,4153.39,Card,2026-05-07 2:00:00,COMPLETED
7614,970,16,4648.3,Card,2026-05-06 1:00:00,CANCELLED
7615,933,9,1047.23,Transfer,2026-05-06 14:00:00,COMPLETED
7616,225,11,4426.47,Transfer,2026-05-02 23:00:00,CANCELLED
7617,734,6,2834.52,Transfer,2026-05-01 18:00:00,CANCELLED
7618,76,2,1779.64,Cash,2026-05-01 13:00:00,COMPLETED
7619,708,2,4808.02,Transfer,2026-05-06 23:00:00,PENDING
7620,919,8,1611.92,Cash,2026-05-01 8:00:00,CANCELLED
7621,764,15,3033.66,Cash,2026-05-05 12:00:00,CANCELLED
7622,854,15,4514.12,Card,2026-05-04 3:00:00,COMPLETED
7623,148,3,4539.66,Cash,2026-05-04 16:00:00,PENDING
7624,374,13,2295.0,Card,2026-05-03 7:00:00,CANCELLED
7625,853,4,4179.94,Cash,2026-05-02 7:00:00,CANCELLED
7626,324,10,1933.68,Card,2026-05-01 23:00:00,PENDING
7627,111,10,1951.23,Card,2026-05-07 12:00:00,CANCELLED
7628,296,9,4284.84,Cash,2026-05-05 12:00:00,CANCELLED
7629,387,15,4972.37,Card,2026-05-07 22:00:00,COMPLETED
7630,756,3,4846.18,Cash,2026-05-07 15:00:00,PENDING
7631,54,8,2651.02,Cash,2026-05-06 6:00:00,COMPLETED
7632,14,3,2757.07,Transfer,2026-05-07 1:00:00,COMPLETED
7633,553,16,743.01,Transfer,2026-05-07 5:00:00,PENDING
7634,175,4,624.5,Card,2026-05-06 5:00:00,CANCELLED
7635,832,15,2075.4,Cash,2026-05-01 11:00:00,COMPLETED
7636,367,7,1766.5,Card,2026-05-02 3:00:00,PENDING
7637,97,3,3718.94,Card,2026-05-07 3:00:00,COMPLETED
7638,174,17,1965.26,Card,2026-05-04 3:00:00,CANCELLED
7639,813,1,2579.67,Cash,2026-05-06 13:00:00,COMPLETED
7640,749,20,3375.97,Cash,2026-05-01 10:00:00,PENDING
7641,581,2,2723.74,Transfer,2026-05-04 9:00:00,PENDING
7642,413,7,3839.37,Cash,2026-05-01 8:00:00,CANCELLED
7643,922,14,4565.47,Cash,2026-05-06 1:00:00,COMPLETED
7644,526,3,4273.63,Cash,2026-05-05 23:00:00,PENDING
7645,53,8,4735.06,Card,2026-05-05 12:00:00,CANCELLED
7646,430,4,4643.48,Cash,2026-05-04 5:00:00,CANCELLED
7647,460,20,2201.39,Card,2026-05-03 2:00:00,PENDING
7648,320,7,2737.97,Card,2026-05-02 2:00:00,PENDING
7649,522,14,1864.81,Cash,2026-05-05 11:00:00,COMPLETED
7650,521,11,3717.7,Cash,2026-05-05 19:00:00,PENDING
7651,223,5,546.96,Cash,2026-05-07 22:00:00,COMPLETED
7652,858,19,4483.96,Transfer,2026-05-04 7:00:00,CANCELLED
7653,263,5,1139.18,Card,2026-05-05 1:00:00,CANCELLED
7654,389,20,3036.48,Cash,2026-05-06 20:00:00,CANCELLED
7655,178,13,1998.59,Transfer,2026-05-04 7:00:00,PENDING
7656,831,4,514.86,Transfer,2026-05-04 7:00:00,CANCELLED
7657,850,11,963.54,Cash,2026-05-05 4:00:00,COMPLETED
7658,679,14,1505.03,Transfer,2026-05-03 17:00:00,COMPLETED
7659,881,19,1627.04,Transfer,2026-05-02 5:00:00,CANCELLED
7660,936,15,2239.36,Transfer,2026-05-06 17:00:00,PENDING
7661,260,4,2199.83,Cash,2026-05-05 17:00:00,CANCELLED
7662,25,5,833.01,Transfer,2026-05-02 23:00:00,PENDING
7663,558,3,1337.6,Cash,2026-05-05 13:00:00,COMPLETED
7664,721,8,4661.52,Transfer,2026-05-01 4:00:00,COMPLETED
7665,17,17,4287.43,Transfer,2026-05-01 0:00:00,COMPLETED
7666,577,1,4784.73,Card,2026-05-01 8:00:00,PENDING
7667,579,7,1656.43,Transfer,2026-05-02 21:00:00,COMPLETED
7668,988,20,1112.79,Cash,2026-05-02 1:00:00,PENDING
7669,543,2,939.21,Transfer,2026-05-02 5:00:00,CANCELLED
7670,722,2,3677.42,Transfer,2026-05-01 7:00:00,CANCELLED
7671,983,16,1160.24,Transfer,2026-05-05 6:00:00,PENDING
7672,190,1,4707.01,Card,2026-05-01 8:00:00,COMPLETED
7673,352,18,1790.26,Cash,2026-05-04 16:00:00,PENDING
7674,97,17,1036.64,Card,2026-05-05 15:00:00,CANCELLED
7675,473,10,3881.64,Transfer,2026-05-02 6:00:00,PENDING
7676,196,10,4975.14,Transfer,2026-05-06 20:00:00,CANCELLED
7677,713,20,2966.12,Card,2026-05-07 20:00:00,CANCELLED
7678,244,17,3244.41,Card,2026-05-02 16:00:00,COMPLETED
7679,131,15,1940.05,Transfer,2026-05-05 1:00:00,PENDING
7680,230,5,2528.9,Transfer,2026-05-07 12:00:00,CANCELLED
7681,543,1,4883.06,Card,2026-05-02 0:00:00,CANCELLED
7682,832,7,1184.84,Transfer,2026-05-01 12:00:00,PENDING
7683,758,4,1970.45,Transfer,2026-05-06 11:00:00,COMPLETED
7684,26,3,4356.9,Cash,2026-05-03 5:00:00,PENDING
7685,658,18,1419.24,Cash,2026-05-03 14:00:00,CANCELLED
7686,79,10,1445.05,Cash,2026-05-04 3:00:00,COMPLETED
7687,976,16,2379.22,Cash,2026-05-02 8:00:00,COMPLETED
7688,740,8,1310.62,Transfer,2026-05-01 16:00:00,CANCELLED
7689,163,10,856.93,Cash,2026-05-01 5:00:00,PENDING
7690,376,17,996.68,Cash,2026-05-04 6:00:00,CANCELLED
7691,49,6,2379.11,Cash,2026-05-03 7:00:00,COMPLETED
7692,140,18,4463.24,Cash,2026-05-03 5:00:00,CANCELLED
7693,932,19,1400.83,Transfer,2026-05-07 14:00:00,CANCELLED
7694,422,5,1038.62,Transfer,2026-05-04 11:00:00,COMPLETED
7695,665,7,942.78,Transfer,2026-05-03 23:00:00,PENDING
7696,382,16,1119.59,Cash,2026-05-06 22:00:00,CANCELLED
7697,439,9,3717.0,Card,2026-05-02 6:00:00,PENDING
7698,730,8,4700.99,Transfer,2026-05-06 10:00:00,PENDING
7699,90,15,919.21,Card,2026-05-05 17:00:00,COMPLETED
7700,915,13,3612.17,Transfer,2026-05-03 17:00:00,PENDING
7701,546,19,4895.25,Transfer,2026-05-03 23:00:00,COMPLETED
7702,179,17,1059.66,Card,2026-05-05 7:00:00,CANCELLED
7703,892,2,2846.37,Transfer,2026-05-05 18:00:00,COMPLETED
7704,135,18,837.89,Transfer,2026-05-06 9:00:00,COMPLETED
7705,801,18,3985.06,Cash,2026-05-01 13:00:00,COMPLETED
7706,81,6,671.82,Card,2026-05-03 1:00:00,CANCELLED
7707,350,19,4657.01,Transfer,2026-05-02 19:00:00,COMPLETED
7708,463,18,1585.39,Card,2026-05-03 17:00:00,CANCELLED
7709,471,3,1390.43,Cash,2026-05-05 20:00:00,COMPLETED
7710,305,6,2110.39,Cash,2026-05-02 9:00:00,CANCELLED
7711,715,7,3489.91,Transfer,2026-05-05 19:00:00,CANCELLED
7712,26,20,731.43,Transfer,2026-05-06 5:00:00,CANCELLED
7713,170,6,1739.17,Transfer,2026-05-07 14:00:00,COMPLETED
7714,959,7,1215.62,Cash,2026-05-05 16:00:00,COMPLETED
7715,622,11,1099.84,Transfer,2026-05-05 20:00:00,CANCELLED
7716,667,6,4938.54,Card,2026-05-01 15:00:00,PENDING
7717,669,20,3895.23,Transfer,2026-05-04 7:00:00,COMPLETED
7718,820,19,1049.81,Transfer,2026-05-02 6:00:00,CANCELLED
7719,979,12,2819.11,Cash,2026-05-05 15:00:00,PENDING
7720,511,8,2033.76,Transfer,2026-05-03 4:00:00,COMPLETED
7721,593,6,612.07,Cash,2026-05-04 15:00:00,COMPLETED
7722,196,1,3056.51,Cash,2026-05-03 17:00:00,PENDING
7723,850,11,1099.08,Card,2026-05-06 23:00:00,COMPLETED
7724,602,11,4027.09,Transfer,2026-05-02 13:00:00,PENDING
7725,538,15,3991.34,Card,2026-05-04 21:00:00,PENDING
7726,30,8,1703.22,Transfer,2026-05-04 22:00:00,CANCELLED
7727,296,20,3203.63,Cash,2026-05-06 5:00:00,PENDING
7728,546,18,3664.18,Transfer,2026-05-01 10:00:00,COMPLETED
7729,442,9,3264.1,Cash,2026-05-03 13:00:00,CANCELLED
7730,624,1,1213.0,Cash,2026-05-02 1:00:00,COMPLETED
7731,357,16,2342.86,Transfer,2026-05-04 10:00:00,COMPLETED
7732,906,18,2133.2,Cash,2026-05-01 10:00:00,CANCELLED
7733,109,20,1489.95,Cash,2026-05-02 0:00:00,CANCELLED
7734,273,16,4635.63,Cash,2026-05-04 20:00:00,PENDING
7735,862,1,2162.62,Transfer,2026-05-05 5:00:00,PENDING
7736,34,3,1894.92,Card,2026-05-05 23:00:00,CANCELLED
7737,90,12,3837.19,Transfer,2026-05-06 0:00:00,CANCELLED
7738,423,2,949.09,Transfer,2026-05-01 4:00:00,PENDING
7739,537,11,2453.32,Transfer,2026-05-07 6:00:00,COMPLETED
7740,191,3,3351.46,Transfer,2026-05-03 23:00:00,PENDING
7741,830,8,1205.56,Transfer,2026-05-01 20:00:00,CANCELLED
7742,766,8,1874.4,Transfer,2026-05-04 2:00:00,CANCELLED
7743,534,12,4635.61,Transfer,2026-05-06 20:00:00,CANCELLED
7744,932,11,1268.92,Cash,2026-05-05 1:00:00,PENDING
7745,840,3,1535.18,Cash,2026-05-03 4:00:00,PENDING
7746,401,14,3458.3,Card,2026-05-02 0:00:00,CANCELLED
7747,408,14,1072.68,Card,2026-05-06 2:00:00,COMPLETED
7748,651,11,2930.82,Card,2026-05-01 10:00:00,CANCELLED
7749,884,6,3780.91,Card,2026-05-04 21:00:00,PENDING
7750,723,20,718.42,Transfer,2026-05-03 4:00:00,CANCELLED
7751,777,20,1963.53,Card,2026-05-05 11:00:00,CANCELLED
7752,400,15,821.42,Transfer,2026-05-06 20:00:00,COMPLETED
7753,717,5,3476.83,Transfer,2026-05-04 19:00:00,COMPLETED
7754,518,16,2680.13,Card,2026-05-04 21:00:00,CANCELLED
7755,377,18,1181.87,Cash,2026-05-04 7:00:00,COMPLETED
7756,927,10,1990.26,Cash,2026-05-06 17:00:00,COMPLETED
7757,213,2,2097.57,Transfer,2026-05-01 8:00:00,PENDING
7758,692,16,530.46,Transfer,2026-05-03 9:00:00,COMPLETED
7759,365,7,1473.85,Cash,2026-05-03 0:00:00,CANCELLED
7760,46,7,3885.15,Transfer,2026-05-07 19:00:00,PENDING
7761,15,11,3768.76,Cash,2026-05-06 15:00:00,PENDING
7762,438,20,3823.02,Card,2026-05-01 20:00:00,PENDING
7763,118,2,1321.25,Card,2026-05-01 6:00:00,PENDING
7764,812,5,1533.14,Transfer,2026-05-03 16:00:00,PENDING
7765,594,12,702.89,Card,2026-05-07 19:00:00,PENDING
7766,943,7,1544.17,Card,2026-05-03 17:00:00,CANCELLED
7767,892,14,2490.27,Cash,2026-05-04 7:00:00,COMPLETED
7768,297,1,4004.08,Transfer,2026-05-04 18:00:00,PENDING
7769,84,11,2684.34,Cash,2026-05-01 19:00:00,COMPLETED
7770,394,18,2405.32,Card,2026-05-02 21:00:00,COMPLETED
7771,481,4,2958.7,Cash,2026-05-01 19:00:00,COMPLETED
7772,582,13,4667.03,Transfer,2026-05-03 17:00:00,PENDING
7773,485,20,1226.83,Transfer,2026-05-07 13:00:00,COMPLETED
7774,557,2,518.97,Transfer,2026-05-07 14:00:00,COMPLETED
7775,259,1,3915.08,Card,2026-05-01 2:00:00,COMPLETED
7776,847,18,952.5,Transfer,2026-05-02 16:00:00,COMPLETED
7777,953,5,4103.33,Transfer,2026-05-05 2:00:00,CANCELLED
7778,814,5,2617.44,Card,2026-05-03 2:00:00,PENDING
7779,936,10,565.47,Transfer,2026-05-05 17:00:00,PENDING
7780,323,3,1978.52,Card,2026-05-01 3:00:00,CANCELLED
7781,718,20,873.04,Transfer,2026-05-03 10:00:00,PENDING
7782,813,16,1281.98,Transfer,2026-05-03 6:00:00,COMPLETED
7783,909,12,3953.25,Cash,2026-05-04 12:00:00,COMPLETED
7784,731,5,4315.45,Card,2026-05-05 23:00:00,CANCELLED
7785,645,11,2562.27,Transfer,2026-05-06 1:00:00,COMPLETED
7786,965,18,3795.95,Transfer,2026-05-02 16:00:00,COMPLETED
7787,85,8,637.52,Transfer,2026-05-03 20:00:00,CANCELLED
7788,918,12,1594.66,Card,2026-05-07 21:00:00,CANCELLED
7789,575,3,1080.7,Card,2026-05-06 18:00:00,CANCELLED
7790,316,17,2209.23,Cash,2026-05-03 15:00:00,COMPLETED
7791,563,11,3999.33,Card,2026-05-02 12:00:00,PENDING
7792,163,9,620.49,Card,2026-05-02 7:00:00,PENDING
7793,398,16,1745.17,Transfer,2026-05-03 13:00:00,COMPLETED
7794,409,8,3403.71,Card,2026-05-06 16:00:00,COMPLETED
7795,646,9,4107.38,Card,2026-05-05 2:00:00,COMPLETED
7796,558,14,2374.16,Card,2026-05-01 13:00:00,CANCELLED
7797,913,8,1130.05,Card,2026-05-01 20:00:00,CANCELLED
7798,851,20,4460.25,Card,2026-05-07 19:00:00,PENDING
7799,859,15,4789.79,Transfer,2026-05-05 12:00:00,PENDING
7800,945,13,2883.11,Cash,2026-05-03 21:00:00,CANCELLED
7801,776,7,3137.45,Cash,2026-05-02 10:00:00,CANCELLED
7802,646,18,600.78,Cash,2026-05-01 21:00:00,COMPLETED
7803,175,9,2323.05,Card,2026-05-06 19:00:00,COMPLETED
7804,826,7,2456.18,Card,2026-05-06 9:00:00,PENDING
7805,371,18,3633.17,Transfer,2026-05-07 4:00:00,COMPLETED
7806,734,10,3991.09,Card,2026-05-05 16:00:00,CANCELLED
7807,423,7,3867.53,Card,2026-05-01 20:00:00,PENDING
7808,879,18,2658.0,Transfer,2026-05-01 18:00:00,CANCELLED
7809,242,2,3193.25,Transfer,2026-05-06 4:00:00,PENDING
7810,242,17,3219.28,Transfer,2026-05-06 22:00:00,COMPLETED
7811,723,5,4706.12,Card,2026-05-03 18:00:00,COMPLETED
7812,266,18,4506.1,Cash,2026-05-01 12:00:00,PENDING
7813,739,14,2016.06,Transfer,2026-05-01 9:00:00,COMPLETED
7814,430,4,4461.58,Transfer,2026-05-06 14:00:00,COMPLETED
7815,339,8,1332.65,Card,2026-05-07 0:00:00,PENDING
7816,998,10,3252.16,Transfer,2026-05-07 14:00:00,PENDING
7817,364,10,863.23,Card,2026-05-06 7:00:00,CANCELLED
7818,834,3,1522.9,Card,2026-05-05 6:00:00,CANCELLED
7819,929,5,3810.95,Cash,2026-05-01 7:00:00,COMPLETED
7820,70,2,1285.23,Cash,2026-05-07 18:00:00,PENDING
7821,809,11,2037.56,Transfer,2026-05-01 11:00:00,PENDING
7822,287,5,3020.23,Transfer,2026-05-01 5:00:00,PENDING
7823,299,14,4999.8,Transfer,2026-05-03 3:00:00,PENDING
7824,444,13,1583.59,Cash,2026-05-04 6:00:00,CANCELLED
7825,105,6,4412.03,Transfer,2026-05-07 9:00:00,CANCELLED
7826,268,14,1708.83,Transfer,2026-05-04 11:00:00,PENDING
7827,364,5,2236.96,Card,2026-05-03 5:00:00,PENDING
7828,624,3,3095.55,Transfer,2026-05-07 1:00:00,CANCELLED
7829,421,17,2386.05,Cash,2026-05-01 18:00:00,COMPLETED
7830,727,4,602.74,Card,2026-05-03 8:00:00,COMPLETED
7831,506,15,2149.45,Transfer,2026-05-05 17:00:00,PENDING
7832,451,3,1649.96,Card,2026-05-02 0:00:00,PENDING
7833,185,16,2165.19,Card,2026-05-04 11:00:00,CANCELLED
7834,980,3,1383.49,Cash,2026-05-06 11:00:00,PENDING
7835,628,4,1540.51,Card,2026-05-03 18:00:00,PENDING
7836,638,13,4430.4,Card,2026-05-03 13:00:00,CANCELLED
7837,938,16,2678.55,Cash,2026-05-03 14:00:00,COMPLETED
7838,744,19,1504.71,Transfer,2026-05-07 17:00:00,CANCELLED
7839,576,20,4948.23,Cash,2026-05-02 4:00:00,CANCELLED
7840,797,18,4074.74,Transfer,2026-05-05 7:00:00,CANCELLED
7841,144,17,3328.9,Transfer,2026-05-06 19:00:00,COMPLETED
7842,654,18,4748.41,Cash,2026-05-04 16:00:00,PENDING
7843,230,17,1461.15,Transfer,2026-05-06 2:00:00,PENDING
7844,563,4,1583.05,Card,2026-05-02 5:00:00,COMPLETED
7845,678,14,4766.15,Card,2026-05-02 21:00:00,PENDING
7846,30,13,2228.14,Card,2026-05-03 3:00:00,PENDING
7847,868,13,3777.53,Cash,2026-05-06 12:00:00,CANCELLED
7848,292,12,2233.47,Card,2026-05-05 23:00:00,COMPLETED
7849,158,13,1829.11,Cash,2026-05-02 5:00:00,PENDING
7850,899,14,4328.06,Card,2026-05-05 16:00:00,COMPLETED
7851,572,10,4141.29,Card,2026-05-02 23:00:00,PENDING
7852,989,3,4544.54,Cash,2026-05-07 14:00:00,COMPLETED
7853,592,10,1904.65,Card,2026-05-02 18:00:00,CANCELLED
7854,18,9,2276.77,Cash,2026-05-06 18:00:00,PENDING
7855,618,2,557.88,Cash,2026-05-01 17:00:00,CANCELLED
7856,547,5,2835.9,Card,2026-05-03 19:00:00,COMPLETED
7857,152,19,3177.31,Cash,2026-05-01 13:00:00,CANCELLED
7858,624,5,1849.91,Transfer,2026-05-05 14:00:00,PENDING
7859,802,3,2413.81,Cash,2026-05-05 7:00:00,PENDING
7860,1000,16,2221.93,Card,2026-05-03 8:00:00,COMPLETED
7861,607,14,1969.37,Transfer,2026-05-07 19:00:00,PENDING
7862,394,3,596.16,Cash,2026-05-04 0:00:00,PENDING
7863,435,15,2152.69,Transfer,2026-05-03 11:00:00,CANCELLED
7864,353,17,1023.1,Card,2026-05-01 4:00:00,COMPLETED
7865,590,2,3115.02,Cash,2026-05-03 7:00:00,CANCELLED
7866,429,11,681.13,Card,2026-05-06 16:00:00,PENDING
7867,842,17,1298.22,Cash,2026-05-05 4:00:00,CANCELLED
7868,395,11,1662.02,Cash,2026-05-02 8:00:00,COMPLETED
7869,664,5,1543.37,Transfer,2026-05-03 13:00:00,PENDING
7870,562,10,4121.76,Cash,2026-05-07 9:00:00,CANCELLED
7871,787,7,2897.38,Card,2026-05-04 17:00:00,COMPLETED
7872,440,5,3142.74,Card,2026-05-06 20:00:00,PENDING
7873,16,10,2850.2,Transfer,2026-05-02 10:00:00,COMPLETED
7874,667,16,4601.14,Transfer,2026-05-03 22:00:00,COMPLETED
7875,170,5,4534.61,Cash,2026-05-06 19:00:00,PENDING
7876,602,3,2047.19,Cash,2026-05-06 1:00:00,CANCELLED
7877,610,3,3357.31,Transfer,2026-05-05 3:00:00,PENDING
7878,653,12,4151.25,Cash,2026-05-04 1:00:00,PENDING
7879,275,20,1608.45,Transfer,2026-05-07 16:00:00,CANCELLED
7880,737,17,3353.15,Card,2026-05-05 1:00:00,CANCELLED
7881,484,15,3329.79,Cash,2026-05-05 21:00:00,CANCELLED
7882,547,20,2307.36,Card,2026-05-03 7:00:00,COMPLETED
7883,836,1,1031.33,Card,2026-05-02 11:00:00,COMPLETED
7884,179,16,1454.51,Cash,2026-05-07 23:00:00,COMPLETED
7885,849,9,616.14,Transfer,2026-05-03 7:00:00,PENDING
7886,30,12,1680.5,Card,2026-05-03 2:00:00,CANCELLED
7887,893,18,2913.18,Transfer,2026-05-02 16:00:00,CANCELLED
7888,530,9,4154.57,Transfer,2026-05-03 5:00:00,COMPLETED
7889,699,15,2068.36,Cash,2026-05-07 16:00:00,PENDING
7890,234,10,920.87,Transfer,2026-05-04 4:00:00,PENDING
7891,657,15,1291.25,Card,2026-05-01 22:00:00,PENDING
7892,804,10,2118.65,Card,2026-05-02 7:00:00,CANCELLED
7893,768,17,3674.4,Transfer,2026-05-04 23:00:00,COMPLETED
7894,152,1,2121.96,Cash,2026-05-07 21:00:00,PENDING
7895,170,15,2346.33,Card,2026-05-01 2:00:00,COMPLETED
7896,764,5,4056.41,Transfer,2026-05-04 21:00:00,CANCELLED
7897,668,19,2314.03,Card,2026-05-06 8:00:00,CANCELLED
7898,472,9,1157.44,Transfer,2026-05-03 4:00:00,COMPLETED
7899,581,6,3452.17,Card,2026-05-07 4:00:00,CANCELLED
7900,112,6,2028.64,Cash,2026-05-05 0:00:00,PENDING
7901,851,10,4238.42,Card,2026-05-06 11:00:00,COMPLETED
7902,872,17,3799.96,Cash,2026-05-04 8:00:00,COMPLETED
7903,761,10,3179.27,Transfer,2026-05-07 14:00:00,CANCELLED
7904,445,14,1464.98,Card,2026-05-01 17:00:00,PENDING
7905,997,20,4893.6,Cash,2026-05-07 7:00:00,PENDING
7906,349,8,3577.8,Cash,2026-05-02 20:00:00,COMPLETED
7907,634,13,978.66,Card,2026-05-04 7:00:00,CANCELLED
7908,260,17,869.16,Card,2026-05-02 20:00:00,PENDING
7909,900,19,4089.74,Card,2026-05-06 12:00:00,PENDING
7910,393,14,3273.17,Cash,2026-05-07 1:00:00,CANCELLED
7911,611,17,1952.78,Transfer,2026-05-01 19:00:00,PENDING
7912,288,19,2190.66,Card,2026-05-03 22:00:00,CANCELLED
7913,513,16,4972.27,Transfer,2026-05-07 19:00:00,CANCELLED
7914,205,20,1480.82,Transfer,2026-05-05 18:00:00,PENDING
7915,337,9,960.79,Card,2026-05-02 4:00:00,COMPLETED
7916,227,11,2136.42,Transfer,2026-05-01 22:00:00,CANCELLED
7917,409,2,855.44,Card,2026-05-04 23:00:00,COMPLETED
7918,653,2,3757.78,Transfer,2026-05-06 17:00:00,PENDING
7919,974,11,2940.7,Card,2026-05-07 23:00:00,PENDING
7920,860,2,2482.22,Card,2026-05-06 15:00:00,PENDING
7921,89,17,3787.02,Card,2026-05-03 18:00:00,CANCELLED
7922,889,18,4072.5,Transfer,2026-05-02 11:00:00,CANCELLED
7923,116,17,4522.89,Cash,2026-05-05 3:00:00,CANCELLED
7924,87,4,2355.55,Cash,2026-05-03 15:00:00,COMPLETED
7925,998,9,1717.81,Transfer,2026-05-01 9:00:00,COMPLETED
7926,517,17,3065.75,Transfer,2026-05-06 10:00:00,CANCELLED
7927,839,9,3095.54,Transfer,2026-05-06 19:00:00,COMPLETED
7928,532,4,1248.3,Card,2026-05-01 19:00:00,CANCELLED
7929,923,1,4599.67,Cash,2026-05-02 1:00:00,PENDING
7930,602,16,1640.36,Cash,2026-05-07 13:00:00,CANCELLED
7931,633,18,1573.94,Transfer,2026-05-03 23:00:00,COMPLETED
7932,778,16,554.5,Card,2026-05-03 18:00:00,PENDING
7933,129,12,1604.55,Card,2026-05-04 20:00:00,CANCELLED
7934,613,7,1151.59,Cash,2026-05-03 7:00:00,COMPLETED
7935,402,14,4877.52,Transfer,2026-05-06 5:00:00,PENDING
7936,867,9,2191.9,Card,2026-05-06 3:00:00,PENDING
7937,631,2,1126.31,Cash,2026-05-05 12:00:00,CANCELLED
7938,602,19,3693.31,Cash,2026-05-04 19:00:00,PENDING
7939,222,6,708.21,Transfer,2026-05-02 11:00:00,COMPLETED
7940,372,16,2257.4,Card,2026-05-04 19:00:00,PENDING
7941,189,10,1720.8,Card,2026-05-06 2:00:00,PENDING
7942,236,1,2521.06,Transfer,2026-05-01 2:00:00,CANCELLED
7943,645,19,3464.62,Cash,2026-05-02 2:00:00,PENDING
7944,901,5,2458.19,Card,2026-05-03 20:00:00,PENDING
7945,904,1,4218.89,Cash,2026-05-03 0:00:00,COMPLETED
7946,973,19,4089.72,Card,2026-05-03 13:00:00,PENDING
7947,100,2,1480.94,Transfer,2026-05-05 22:00:00,COMPLETED
7948,148,13,4636.88,Cash,2026-05-06 12:00:00,COMPLETED
7949,775,9,898.61,Card,2026-05-01 10:00:00,COMPLETED
7950,910,15,3345.01,Transfer,2026-05-04 16:00:00,CANCELLED
7951,179,2,840.22,Cash,2026-05-07 3:00:00,COMPLETED
7952,374,5,4335.56,Cash,2026-05-05 22:00:00,PENDING
7953,540,17,980.04,Card,2026-05-04 1:00:00,COMPLETED
7954,645,1,2880.29,Cash,2026-05-03 17:00:00,PENDING
7955,121,9,3816.46,Transfer,2026-05-03 10:00:00,PENDING
7956,328,11,4890.18,Transfer,2026-05-02 21:00:00,CANCELLED
7957,864,9,930.83,Card,2026-05-01 23:00:00,PENDING
7958,353,15,1491.81,Card,2026-05-04 23:00:00,CANCELLED
7959,505,17,2131.61,Transfer,2026-05-01 11:00:00,COMPLETED
7960,318,15,4970.75,Card,2026-05-02 2:00:00,CANCELLED
7961,326,19,737.69,Cash,2026-05-03 15:00:00,PENDING
7962,92,8,975.46,Cash,2026-05-07 23:00:00,CANCELLED
7963,747,15,1962.77,Card,2026-05-04 14:00:00,COMPLETED
7964,58,10,3896.08,Cash,2026-05-06 21:00:00,CANCELLED
7965,673,6,2173.47,Card,2026-05-03 21:00:00,PENDING
7966,126,20,4138.25,Transfer,2026-05-06 12:00:00,CANCELLED
7967,799,13,3860.4,Cash,2026-05-04 20:00:00,COMPLETED
7968,859,11,3638.99,Card,2026-05-05 23:00:00,COMPLETED
7969,177,14,4135.81,Transfer,2026-05-06 18:00:00,COMPLETED
7970,124,13,4070.36,Cash,2026-05-06 11:00:00,CANCELLED
7971,258,17,2563.09,Card,2026-05-02 17:00:00,COMPLETED
7972,551,2,4790.84,Cash,2026-05-02 20:00:00,PENDING
7973,840,9,4123.43,Transfer,2026-05-06 3:00:00,PENDING
7974,142,8,3817.34,Transfer,2026-05-02 21:00:00,PENDING
7975,253,11,2535.49,Card,2026-05-03 7:00:00,COMPLETED
7976,13,17,2921.94,Cash,2026-05-01 8:00:00,COMPLETED
7977,444,20,1460.33,Cash,2026-05-05 4:00:00,COMPLETED
7978,744,13,733.79,Cash,2026-05-07 13:00:00,PENDING
7979,752,9,2890.12,Transfer,2026-05-03 9:00:00,COMPLETED
7980,103,7,1087.26,Cash,2026-05-02 11:00:00,COMPLETED
7981,769,20,672.06,Card,2026-05-07 23:00:00,COMPLETED
7982,558,3,2040.95,Cash,2026-05-06 16:00:00,COMPLETED
7983,147,18,4926.23,Cash,2026-05-01 21:00:00,PENDING
7984,913,15,2036.18,Card,2026-05-04 9:00:00,PENDING
7985,60,19,1601.89,Transfer,2026-05-07 6:00:00,COMPLETED
7986,544,12,1532.92,Cash,2026-05-03 13:00:00,PENDING
7987,736,20,1725.11,Card,2026-05-05 9:00:00,COMPLETED
7988,762,6,2428.54,Cash,2026-05-01 19:00:00,COMPLETED
7989,49,19,1291.16,Card,2026-05-04 3:00:00,CANCELLED
7990,622,10,1163.49,Card,2026-05-03 0:00:00,PENDING
7991,248,16,2205.71,Transfer,2026-05-04 14:00:00,CANCELLED
7992,238,9,3548.07,Cash,2026-05-03 3:00:00,PENDING
7993,911,18,1459.39,Transfer,2026-05-03 11:00:00,COMPLETED
7994,152,19,3909.56,Cash,2026-05-05 21:00:00,PENDING
7995,597,19,4228.19,Cash,2026-05-07 23:00:00,CANCELLED
7996,901,8,3573.78,Cash,2026-05-06 4:00:00,PENDING
7997,32,4,1433.64,Transfer,2026-05-03 10:00:00,COMPLETED
7998,91,13,3689.1,Transfer,2026-05-07 13:00:00,CANCELLED
7999,91,15,4805.52,Cash,2026-05-02 13:00:00,CANCELLED
8000,761,13,1535.06,Card,2026-05-01 15:00:00,CANCELLED
8001,184,12,4439.29,Card,2026-05-03 22:00:00,CANCELLED
8002,955,18,815.99,Card,2026-05-04 20:00:00,COMPLETED
8003,693,1,2919.21,Card,2026-05-03 10:00:00,CANCELLED
8004,800,1,2902.43,Transfer,2026-05-04 4:00:00,CANCELLED
8005,285,17,1501.43,Card,2026-05-01 21:00:00,COMPLETED
8006,705,17,585.6,Transfer,2026-05-04 15:00:00,COMPLETED
8007,586,17,3378.46,Card,2026-05-04 23:00:00,PENDING
8008,75,6,1636.03,Card,2026-05-06 18:00:00,CANCELLED
8009,963,13,1402.71,Cash,2026-05-07 15:00:00,PENDING
8010,928,4,4136.07,Transfer,2026-05-07 14:00:00,CANCELLED
8011,6,14,4331.96,Card,2026-05-01 16:00:00,PENDING
8012,396,11,3406.47,Cash,2026-05-05 21:00:00,COMPLETED
8013,491,1,3915.8,Transfer,2026-05-05 2:00:00,PENDING
8014,214,12,1042.42,Card,2026-05-03 4:00:00,COMPLETED
8015,778,8,997.99,Transfer,2026-05-07 12:00:00,CANCELLED
8016,328,10,2141.44,Cash,2026-05-01 19:00:00,COMPLETED
8017,905,1,1207.96,Cash,2026-05-03 13:00:00,PENDING
8018,823,2,3128.34,Cash,2026-05-04 4:00:00,COMPLETED
8019,681,14,4446.76,Card,2026-05-05 22:00:00,CANCELLED
8020,2,13,3562.19,Transfer,2026-05-01 22:00:00,CANCELLED
8021,865,14,792.25,Transfer,2026-05-06 1:00:00,CANCELLED
8022,256,8,510.0,Cash,2026-05-02 17:00:00,CANCELLED
8023,903,10,2125.25,Transfer,2026-05-06 0:00:00,COMPLETED
8024,732,20,3975.54,Transfer,2026-05-02 6:00:00,PENDING
8025,61,2,2719.02,Card,2026-05-01 2:00:00,PENDING
8026,355,6,1989.12,Transfer,2026-05-03 23:00:00,CANCELLED
8027,513,11,4909.46,Transfer,2026-05-01 15:00:00,PENDING
8028,60,17,2693.94,Card,2026-05-06 4:00:00,CANCELLED
8029,387,13,4419.89,Transfer,2026-05-04 7:00:00,COMPLETED
8030,846,12,4413.79,Cash,2026-05-07 9:00:00,CANCELLED
8031,48,14,3841.81,Cash,2026-05-03 17:00:00,COMPLETED
8032,779,1,1370.62,Cash,2026-05-04 0:00:00,CANCELLED
8033,994,4,4104.55,Card,2026-05-02 8:00:00,CANCELLED
8034,579,13,4631.22,Card,2026-05-01 8:00:00,COMPLETED
8035,818,12,3968.64,Card,2026-05-03 18:00:00,CANCELLED
8036,879,11,2653.04,Transfer,2026-05-01 10:00:00,CANCELLED
8037,561,8,4365.32,Transfer,2026-05-06 6:00:00,PENDING
8038,12,12,3786.06,Card,2026-05-02 0:00:00,COMPLETED
8039,660,18,3695.87,Transfer,2026-05-04 0:00:00,COMPLETED
8040,203,2,2520.24,Transfer,2026-05-03 1:00:00,COMPLETED
8041,36,1,2892.5,Cash,2026-05-02 1:00:00,COMPLETED
8042,254,16,1756.99,Card,2026-05-03 14:00:00,CANCELLED
8043,965,9,2419.65,Card,2026-05-07 20:00:00,COMPLETED
8044,786,4,3061.76,Card,2026-05-07 4:00:00,PENDING
8045,20,6,4875.92,Cash,2026-05-01 11:00:00,PENDING
8046,380,13,3642.5,Cash,2026-05-01 23:00:00,CANCELLED
8047,900,3,3011.79,Transfer,2026-05-04 13:00:00,PENDING
8048,301,9,1620.17,Transfer,2026-05-03 7:00:00,COMPLETED
8049,975,11,3249.44,Card,2026-05-06 4:00:00,PENDING
8050,48,4,4444.54,Transfer,2026-05-03 11:00:00,PENDING
8051,943,6,2962.57,Transfer,2026-05-01 20:00:00,COMPLETED
8052,673,4,3378.81,Card,2026-05-04 8:00:00,COMPLETED
8053,322,10,2790.6,Cash,2026-05-06 21:00:00,CANCELLED
8054,9,4,3566.18,Card,2026-05-02 9:00:00,PENDING
8055,355,9,3648.16,Card,2026-05-03 18:00:00,COMPLETED
8056,219,4,4551.73,Transfer,2026-05-06 3:00:00,COMPLETED
8057,985,18,2905.79,Transfer,2026-05-02 2:00:00,COMPLETED
8058,529,17,3721.17,Card,2026-05-01 2:00:00,COMPLETED
8059,247,18,3494.97,Cash,2026-05-07 21:00:00,CANCELLED
8060,387,14,3146.94,Cash,2026-05-03 0:00:00,COMPLETED
8061,279,8,913.02,Cash,2026-05-05 6:00:00,PENDING
8062,922,3,2217.54,Card,2026-05-05 9:00:00,CANCELLED
8063,105,18,4539.55,Cash,2026-05-02 13:00:00,PENDING
8064,811,4,2877.63,Card,2026-05-04 18:00:00,COMPLETED
8065,37,1,4862.28,Transfer,2026-05-01 10:00:00,CANCELLED
8066,619,6,3139.45,Card,2026-05-05 9:00:00,CANCELLED
8067,893,16,2613.0,Transfer,2026-05-04 2:00:00,PENDING
8068,602,2,4867.39,Transfer,2026-05-06 2:00:00,PENDING
8069,100,3,1668.54,Cash,2026-05-01 0:00:00,PENDING
8070,256,9,797.01,Cash,2026-05-01 15:00:00,PENDING
8071,166,15,3009.83,Cash,2026-05-07 8:00:00,COMPLETED
8072,273,19,3796.57,Card,2026-05-06 13:00:00,COMPLETED
8073,250,13,1715.36,Card,2026-05-03 12:00:00,CANCELLED
8074,227,1,3672.21,Transfer,2026-05-04 16:00:00,COMPLETED
8075,471,19,1222.81,Transfer,2026-05-07 11:00:00,PENDING
8076,31,20,3177.46,Cash,2026-05-03 15:00:00,PENDING
8077,695,2,2794.01,Transfer,2026-05-04 6:00:00,COMPLETED
8078,758,1,3509.28,Transfer,2026-05-06 7:00:00,PENDING
8079,862,13,1558.21,Cash,2026-05-05 5:00:00,COMPLETED
8080,595,14,827.99,Cash,2026-05-03 13:00:00,CANCELLED
8081,672,13,3903.05,Cash,2026-05-05 1:00:00,PENDING
8082,958,3,3841.12,Card,2026-05-02 9:00:00,CANCELLED
8083,776,15,2112.21,Card,2026-05-04 23:00:00,PENDING
8084,345,5,1219.57,Transfer,2026-05-07 18:00:00,PENDING
8085,365,13,2503.24,Card,2026-05-03 5:00:00,PENDING
8086,155,18,749.54,Card,2026-05-04 14:00:00,CANCELLED
8087,766,12,4184.13,Card,2026-05-04 21:00:00,CANCELLED
8088,624,17,4779.92,Card,2026-05-01 12:00:00,PENDING
8089,841,6,3541.17,Transfer,2026-05-05 22:00:00,PENDING
8090,232,1,1993.36,Card,2026-05-04 11:00:00,CANCELLED
8091,357,13,1971.21,Transfer,2026-05-03 8:00:00,PENDING
8092,614,13,2886.16,Cash,2026-05-05 8:00:00,COMPLETED
8093,535,7,1430.07,Card,2026-05-01 20:00:00,PENDING
8094,356,13,4754.42,Transfer,2026-05-04 22:00:00,CANCELLED
8095,101,17,4749.33,Card,2026-05-07 4:00:00,COMPLETED
8096,378,1,1964.75,Transfer,2026-05-06 1:00:00,COMPLETED
8097,772,3,4226.92,Card,2026-05-01 19:00:00,COMPLETED
8098,901,20,2461.79,Cash,2026-05-03 19:00:00,COMPLETED
8099,656,18,740.99,Card,2026-05-03 17:00:00,CANCELLED
8100,633,10,4428.03,Cash,2026-05-06 22:00:00,CANCELLED
8101,86,4,4243.79,Cash,2026-05-04 22:00:00,COMPLETED
8102,305,18,1012.33,Card,2026-05-06 20:00:00,PENDING
8103,908,7,2661.2,Cash,2026-05-07 8:00:00,COMPLETED
8104,212,9,2378.21,Transfer,2026-05-02 1:00:00,COMPLETED
8105,81,1,4583.18,Card,2026-05-05 3:00:00,COMPLETED
8106,3,14,4593.81,Card,2026-05-02 6:00:00,CANCELLED
8107,768,9,4757.53,Card,2026-05-06 18:00:00,CANCELLED
8108,588,1,1682.4,Transfer,2026-05-04 22:00:00,PENDING
8109,340,20,1273.97,Card,2026-05-02 15:00:00,COMPLETED
8110,504,20,1168.16,Cash,2026-05-01 4:00:00,PENDING
8111,726,5,4065.15,Cash,2026-05-01 14:00:00,PENDING
8112,63,10,1035.73,Card,2026-05-06 16:00:00,PENDING
8113,281,15,925.39,Cash,2026-05-01 20:00:00,CANCELLED
8114,435,19,4193.54,Transfer,2026-05-03 20:00:00,COMPLETED
8115,477,16,4909.35,Card,2026-05-05 21:00:00,COMPLETED
8116,14,10,751.37,Card,2026-05-02 15:00:00,CANCELLED
8117,873,14,2693.39,Cash,2026-05-03 6:00:00,CANCELLED
8118,60,4,4358.24,Card,2026-05-01 15:00:00,COMPLETED
8119,545,12,2656.04,Transfer,2026-05-03 19:00:00,PENDING
8120,319,2,4145.79,Transfer,2026-05-06 13:00:00,COMPLETED
8121,559,19,3122.84,Transfer,2026-05-06 4:00:00,CANCELLED
8122,182,4,869.15,Transfer,2026-05-02 6:00:00,PENDING
8123,472,2,921.64,Transfer,2026-05-04 2:00:00,PENDING
8124,629,10,909.41,Card,2026-05-05 15:00:00,CANCELLED
8125,258,2,1002.75,Cash,2026-05-02 13:00:00,CANCELLED
8126,855,20,3595.35,Transfer,2026-05-01 10:00:00,COMPLETED
8127,835,3,1962.62,Cash,2026-05-06 1:00:00,PENDING
8128,4,5,2095.49,Card,2026-05-07 17:00:00,COMPLETED
8129,595,3,4470.68,Transfer,2026-05-02 4:00:00,COMPLETED
8130,505,13,2516.99,Transfer,2026-05-02 10:00:00,PENDING
8131,692,7,4423.39,Card,2026-05-02 4:00:00,CANCELLED
8132,495,14,3983.54,Transfer,2026-05-07 3:00:00,CANCELLED
8133,204,3,3148.83,Transfer,2026-05-07 4:00:00,COMPLETED
8134,372,17,3556.81,Transfer,2026-05-05 14:00:00,PENDING
8135,106,1,3701.14,Cash,2026-05-06 2:00:00,CANCELLED
8136,438,7,2717.51,Transfer,2026-05-06 5:00:00,COMPLETED
8137,236,6,1295.18,Card,2026-05-07 23:00:00,PENDING
8138,797,19,1247.74,Transfer,2026-05-06 23:00:00,PENDING
8139,354,12,3820.25,Cash,2026-05-06 15:00:00,PENDING
8140,143,4,4880.14,Transfer,2026-05-07 9:00:00,COMPLETED
8141,661,11,1799.86,Cash,2026-05-03 16:00:00,PENDING
8142,549,16,2642.7,Card,2026-05-03 2:00:00,CANCELLED
8143,487,13,2726.29,Transfer,2026-05-07 14:00:00,PENDING
8144,61,15,3451.24,Cash,2026-05-02 2:00:00,PENDING
8145,94,8,2569.53,Card,2026-05-07 1:00:00,CANCELLED
8146,763,4,4365.67,Cash,2026-05-03 22:00:00,PENDING
8147,498,17,724.43,Card,2026-05-05 19:00:00,PENDING
8148,830,9,1252.22,Transfer,2026-05-06 23:00:00,COMPLETED
8149,726,10,2100.65,Transfer,2026-05-06 18:00:00,COMPLETED
8150,501,10,2552.61,Transfer,2026-05-02 6:00:00,COMPLETED
8151,659,1,2189.56,Transfer,2026-05-03 14:00:00,CANCELLED
8152,593,3,2831.95,Card,2026-05-01 11:00:00,COMPLETED
8153,327,19,3552.55,Cash,2026-05-06 5:00:00,CANCELLED
8154,966,14,1150.92,Card,2026-05-03 6:00:00,PENDING
8155,975,10,3939.63,Transfer,2026-05-03 10:00:00,COMPLETED
8156,234,3,4960.93,Card,2026-05-03 20:00:00,COMPLETED
8157,397,18,3328.69,Transfer,2026-05-03 20:00:00,COMPLETED
8158,913,15,1319.47,Cash,2026-05-06 23:00:00,PENDING
8159,680,11,870.78,Cash,2026-05-04 13:00:00,COMPLETED
8160,935,12,770.66,Card,2026-05-01 6:00:00,CANCELLED
8161,543,1,898.82,Cash,2026-05-06 13:00:00,CANCELLED
8162,441,8,840.85,Card,2026-05-03 14:00:00,CANCELLED
8163,214,4,1729.03,Cash,2026-05-02 5:00:00,COMPLETED
8164,620,20,3727.56,Cash,2026-05-02 0:00:00,COMPLETED
8165,873,15,3166.84,Transfer,2026-05-01 3:00:00,CANCELLED
8166,111,17,1549.99,Transfer,2026-05-03 19:00:00,PENDING
8167,766,17,3117.13,Card,2026-05-03 17:00:00,PENDING
8168,151,10,4903.87,Transfer,2026-05-04 2:00:00,PENDING
8169,584,18,4751.84,Transfer,2026-05-03 20:00:00,PENDING
8170,140,10,2742.45,Transfer,2026-05-05 16:00:00,CANCELLED
8171,26,13,1212.91,Cash,2026-05-01 13:00:00,CANCELLED
8172,289,20,3758.93,Card,2026-05-04 10:00:00,COMPLETED
8173,92,15,1999.31,Cash,2026-05-05 8:00:00,PENDING
8174,857,14,3057.46,Transfer,2026-05-01 20:00:00,CANCELLED
8175,493,10,3179.41,Cash,2026-05-01 19:00:00,COMPLETED
8176,467,18,3740.92,Transfer,2026-05-02 6:00:00,PENDING
8177,365,4,1050.73,Transfer,2026-05-06 2:00:00,CANCELLED
8178,882,2,2020.6,Cash,2026-05-06 5:00:00,PENDING
8179,171,8,563.02,Transfer,2026-05-06 2:00:00,PENDING
8180,336,17,2270.52,Cash,2026-05-02 21:00:00,COMPLETED
8181,868,14,849.3,Transfer,2026-05-07 2:00:00,PENDING
8182,267,7,4074.23,Card,2026-05-05 6:00:00,CANCELLED
8183,482,19,3861.45,Cash,2026-05-07 15:00:00,CANCELLED
8184,876,1,3730.96,Card,2026-05-06 5:00:00,CANCELLED
8185,626,15,1415.68,Cash,2026-05-03 13:00:00,COMPLETED
8186,317,19,1438.31,Card,2026-05-02 20:00:00,CANCELLED
8187,258,8,2727.56,Cash,2026-05-04 23:00:00,PENDING
8188,35,8,1527.37,Card,2026-05-06 14:00:00,COMPLETED
8189,887,17,2974.86,Cash,2026-05-05 8:00:00,PENDING
8190,866,9,516.46,Transfer,2026-05-05 11:00:00,PENDING
8191,280,16,1146.35,Transfer,2026-05-01 14:00:00,COMPLETED
8192,906,6,2611.17,Cash,2026-05-03 4:00:00,PENDING
8193,440,12,3562.08,Cash,2026-05-03 0:00:00,CANCELLED
8194,481,10,4656.33,Cash,2026-05-02 7:00:00,COMPLETED
8195,421,2,2700.13,Cash,2026-05-03 2:00:00,PENDING
8196,819,11,1628.59,Cash,2026-05-03 5:00:00,COMPLETED
8197,399,20,3431.89,Card,2026-05-05 16:00:00,CANCELLED
8198,277,17,1441.7,Card,2026-05-03 22:00:00,CANCELLED
8199,776,6,3180.54,Cash,2026-05-03 9:00:00,PENDING
8200,843,2,2652.24,Cash,2026-05-03 6:00:00,COMPLETED
8201,981,18,3332.6,Card,2026-05-02 14:00:00,COMPLETED
8202,36,10,1586.96,Card,2026-05-01 6:00:00,CANCELLED
8203,563,12,4040.79,Card,2026-05-06 19:00:00,COMPLETED
8204,751,16,4188.37,Transfer,2026-05-03 23:00:00,COMPLETED
8205,531,16,1371.95,Card,2026-05-05 14:00:00,PENDING
8206,874,16,3028.45,Cash,2026-05-02 23:00:00,CANCELLED
8207,783,6,4155.72,Card,2026-05-04 10:00:00,PENDING
8208,220,20,3966.85,Cash,2026-05-03 20:00:00,PENDING
8209,844,17,4491.08,Cash,2026-05-02 15:00:00,PENDING
8210,99,19,1664.24,Transfer,2026-05-07 16:00:00,CANCELLED
8211,561,2,2553.71,Cash,2026-05-03 14:00:00,CANCELLED
8212,783,4,4168.33,Transfer,2026-05-06 16:00:00,CANCELLED
8213,290,1,1099.42,Transfer,2026-05-02 16:00:00,COMPLETED
8214,90,6,2893.63,Card,2026-05-05 14:00:00,CANCELLED
8215,84,2,2918.08,Cash,2026-05-03 9:00:00,PENDING
8216,663,9,1750.3,Card,2026-05-06 18:00:00,CANCELLED
8217,775,13,2484.72,Transfer,2026-05-03 19:00:00,CANCELLED
8218,896,10,3479.73,Cash,2026-05-02 19:00:00,CANCELLED
8219,832,4,3051.03,Transfer,2026-05-01 6:00:00,PENDING
8220,221,11,767.58,Card,2026-05-01 5:00:00,COMPLETED
8221,260,19,3073.8,Cash,2026-05-01 21:00:00,COMPLETED
8222,606,15,3253.3,Card,2026-05-06 20:00:00,PENDING
8223,246,3,678.91,Card,2026-05-04 6:00:00,CANCELLED
8224,907,2,2145.44,Card,2026-05-06 6:00:00,PENDING
8225,419,10,4396.56,Card,2026-05-03 16:00:00,CANCELLED
8226,140,18,4561.9,Card,2026-05-04 15:00:00,COMPLETED
8227,961,1,4003.04,Transfer,2026-05-04 1:00:00,PENDING
8228,511,4,1227.08,Transfer,2026-05-03 5:00:00,CANCELLED
8229,969,3,4622.48,Cash,2026-05-01 14:00:00,PENDING
8230,239,16,3623.73,Transfer,2026-05-01 7:00:00,PENDING
8231,605,14,4604.54,Cash,2026-05-04 1:00:00,COMPLETED
8232,526,7,4765.5,Transfer,2026-05-04 4:00:00,COMPLETED
8233,45,8,2008.39,Transfer,2026-05-07 14:00:00,COMPLETED
8234,29,10,4145.54,Transfer,2026-05-05 13:00:00,COMPLETED
8235,511,12,1594.79,Transfer,2026-05-01 17:00:00,CANCELLED
8236,56,10,4681.9,Cash,2026-05-05 3:00:00,CANCELLED
8237,379,11,2671.01,Transfer,2026-05-02 17:00:00,COMPLETED
8238,57,16,4570.75,Card,2026-05-05 5:00:00,CANCELLED
8239,249,1,1850.37,Card,2026-05-03 9:00:00,PENDING
8240,956,4,1655.81,Card,2026-05-06 22:00:00,COMPLETED
8241,702,11,1463.56,Card,2026-05-02 1:00:00,CANCELLED
8242,253,1,3206.01,Card,2026-05-02 21:00:00,COMPLETED
8243,109,16,2821.46,Transfer,2026-05-05 0:00:00,CANCELLED
8244,984,8,1519.23,Transfer,2026-05-02 19:00:00,PENDING
8245,506,6,1487.27,Cash,2026-05-07 10:00:00,COMPLETED
8246,399,9,2228.23,Card,2026-05-04 16:00:00,PENDING
8247,776,3,4897.32,Cash,2026-05-03 2:00:00,COMPLETED
8248,291,6,3407.27,Card,2026-05-03 8:00:00,COMPLETED
8249,969,15,2252.49,Card,2026-05-01 21:00:00,COMPLETED
8250,854,17,1072.09,Transfer,2026-05-04 13:00:00,COMPLETED
8251,606,1,4695.67,Transfer,2026-05-01 15:00:00,CANCELLED
8252,792,16,4562.67,Cash,2026-05-07 11:00:00,COMPLETED
8253,413,12,2568.88,Cash,2026-05-01 0:00:00,PENDING
8254,410,11,1852.82,Card,2026-05-04 9:00:00,CANCELLED
8255,676,4,1483.38,Card,2026-05-04 16:00:00,PENDING
8256,339,9,705.48,Transfer,2026-05-01 18:00:00,PENDING
8257,846,10,2578.68,Cash,2026-05-04 20:00:00,COMPLETED
8258,718,17,2085.29,Card,2026-05-02 9:00:00,PENDING
8259,696,2,4872.02,Card,2026-05-02 22:00:00,CANCELLED
8260,921,20,2126.38,Transfer,2026-05-02 7:00:00,COMPLETED
8261,783,17,2643.86,Transfer,2026-05-01 18:00:00,COMPLETED
8262,162,16,2026.96,Transfer,2026-05-07 11:00:00,PENDING
8263,652,4,2206.21,Cash,2026-05-03 15:00:00,COMPLETED
8264,466,14,2005.25,Card,2026-05-06 1:00:00,CANCELLED
8265,496,10,4536.99,Transfer,2026-05-05 0:00:00,COMPLETED
8266,108,3,2999.86,Cash,2026-05-02 13:00:00,CANCELLED
8267,725,4,650.45,Cash,2026-05-06 2:00:00,PENDING
8268,164,11,891.27,Cash,2026-05-04 6:00:00,CANCELLED
8269,647,16,1742.2,Transfer,2026-05-01 2:00:00,PENDING
8270,741,12,4717.44,Cash,2026-05-06 3:00:00,CANCELLED
8271,568,6,1494.64,Transfer,2026-05-02 16:00:00,PENDING
8272,849,3,4669.52,Cash,2026-05-07 11:00:00,CANCELLED
8273,13,14,4055.91,Cash,2026-05-01 22:00:00,COMPLETED
8274,751,5,2182.49,Cash,2026-05-06 6:00:00,PENDING
8275,479,1,4853.62,Card,2026-05-05 14:00:00,COMPLETED
8276,24,4,2580.4,Cash,2026-05-03 22:00:00,COMPLETED
8277,682,20,1750.56,Transfer,2026-05-06 16:00:00,PENDING
8278,609,17,4584.46,Cash,2026-05-07 9:00:00,COMPLETED
8279,636,11,1495.54,Cash,2026-05-02 23:00:00,PENDING
8280,762,8,4316.26,Card,2026-05-01 18:00:00,COMPLETED
8281,939,1,4721.78,Card,2026-05-01 21:00:00,CANCELLED
8282,634,7,3424.81,Cash,2026-05-03 21:00:00,PENDING
8283,323,4,790.76,Cash,2026-05-02 20:00:00,CANCELLED
8284,15,16,1152.47,Transfer,2026-05-04 13:00:00,COMPLETED
8285,134,13,2484.39,Card,2026-05-02 11:00:00,COMPLETED
8286,585,20,2662.72,Cash,2026-05-03 2:00:00,CANCELLED
8287,73,10,666.33,Cash,2026-05-05 5:00:00,PENDING
8288,267,18,1389.73,Cash,2026-05-02 10:00:00,COMPLETED
8289,954,19,2115.22,Card,2026-05-05 18:00:00,CANCELLED
8290,255,9,2999.82,Card,2026-05-06 0:00:00,PENDING
8291,672,1,4985.13,Cash,2026-05-05 0:00:00,CANCELLED
8292,93,7,3909.46,Card,2026-05-01 14:00:00,PENDING
8293,544,10,1324.34,Transfer,2026-05-07 11:00:00,CANCELLED
8294,22,17,2051.75,Card,2026-05-06 21:00:00,PENDING
8295,947,9,3138.27,Cash,2026-05-01 13:00:00,PENDING
8296,242,1,766.3,Card,2026-05-03 4:00:00,CANCELLED
8297,565,10,4048.85,Transfer,2026-05-03 1:00:00,COMPLETED
8298,993,14,1409.91,Card,2026-05-03 2:00:00,CANCELLED
8299,949,5,3637.84,Cash,2026-05-06 6:00:00,PENDING
8300,964,15,2468.76,Card,2026-05-01 20:00:00,PENDING
8301,514,1,4955.58,Transfer,2026-05-03 15:00:00,PENDING
8302,521,16,650.64,Card,2026-05-01 1:00:00,COMPLETED
8303,142,5,3867.53,Card,2026-05-06 4:00:00,COMPLETED
8304,496,9,2309.0,Card,2026-05-05 11:00:00,PENDING
8305,36,13,4483.17,Cash,2026-05-06 21:00:00,COMPLETED
8306,287,7,1987.73,Card,2026-05-04 4:00:00,PENDING
8307,44,20,3533.57,Transfer,2026-05-01 2:00:00,CANCELLED
8308,686,20,780.01,Transfer,2026-05-06 11:00:00,CANCELLED
8309,586,4,2288.29,Card,2026-05-01 11:00:00,COMPLETED
8310,204,9,4490.13,Cash,2026-05-01 6:00:00,CANCELLED
8311,43,10,4680.53,Transfer,2026-05-07 6:00:00,COMPLETED
8312,626,5,2248.13,Card,2026-05-05 22:00:00,CANCELLED
8313,153,4,1472.77,Card,2026-05-02 4:00:00,COMPLETED
8314,717,4,3225.38,Card,2026-05-06 14:00:00,CANCELLED
8315,49,15,1111.65,Cash,2026-05-03 1:00:00,CANCELLED
8316,826,3,2032.42,Transfer,2026-05-03 11:00:00,COMPLETED
8317,760,1,2975.99,Cash,2026-05-06 18:00:00,CANCELLED
8318,753,13,3624.61,Cash,2026-05-04 0:00:00,CANCELLED
8319,345,6,3247.13,Card,2026-05-03 19:00:00,CANCELLED
8320,239,11,932.39,Cash,2026-05-05 20:00:00,CANCELLED
8321,32,20,2439.98,Card,2026-05-03 23:00:00,CANCELLED
8322,235,9,3998.81,Transfer,2026-05-03 8:00:00,CANCELLED
8323,286,11,4914.6,Cash,2026-05-07 19:00:00,COMPLETED
8324,98,20,1568.05,Cash,2026-05-01 22:00:00,PENDING
8325,452,13,2820.23,Cash,2026-05-07 23:00:00,COMPLETED
8326,984,17,4055.88,Transfer,2026-05-03 9:00:00,PENDING
8327,600,12,3861.14,Cash,2026-05-02 15:00:00,PENDING
8328,951,19,1307.02,Cash,2026-05-03 19:00:00,PENDING
8329,772,15,790.15,Transfer,2026-05-06 12:00:00,CANCELLED
8330,413,1,2521.62,Transfer,2026-05-06 19:00:00,PENDING
8331,869,9,4220.75,Cash,2026-05-06 6:00:00,COMPLETED
8332,256,7,4671.7,Transfer,2026-05-03 13:00:00,COMPLETED
8333,950,15,2763.02,Cash,2026-05-04 11:00:00,CANCELLED
8334,592,9,2118.49,Transfer,2026-05-05 7:00:00,CANCELLED
8335,632,7,2612.47,Transfer,2026-05-06 7:00:00,COMPLETED
8336,807,16,4725.92,Card,2026-05-07 21:00:00,COMPLETED
8337,652,18,1314.44,Transfer,2026-05-04 19:00:00,COMPLETED
8338,701,18,891.86,Card,2026-05-06 16:00:00,CANCELLED
8339,548,15,3897.9,Transfer,2026-05-05 4:00:00,CANCELLED
8340,434,3,1334.88,Cash,2026-05-02 6:00:00,CANCELLED
8341,216,17,3417.4,Transfer,2026-05-01 17:00:00,PENDING
8342,645,15,3416.92,Card,2026-05-02 17:00:00,PENDING
8343,676,18,2829.77,Transfer,2026-05-04 4:00:00,PENDING
8344,27,12,3877.43,Transfer,2026-05-02 3:00:00,PENDING
8345,596,10,2272.16,Card,2026-05-02 6:00:00,COMPLETED
8346,143,7,700.35,Cash,2026-05-03 12:00:00,CANCELLED
8347,314,11,1758.41,Card,2026-05-06 13:00:00,COMPLETED
8348,372,15,4819.0,Cash,2026-05-06 6:00:00,PENDING
8349,884,1,1987.18,Cash,2026-05-03 2:00:00,COMPLETED
8350,360,17,566.0,Transfer,2026-05-05 12:00:00,PENDING
8351,630,9,3359.13,Card,2026-05-07 9:00:00,CANCELLED
8352,816,20,1760.27,Transfer,2026-05-07 8:00:00,PENDING
8353,641,6,2905.34,Card,2026-05-05 0:00:00,CANCELLED
8354,891,20,1009.69,Transfer,2026-05-04 7:00:00,COMPLETED
8355,989,18,1782.87,Transfer,2026-05-06 21:00:00,CANCELLED
8356,185,12,3835.46,Card,2026-05-01 19:00:00,COMPLETED
8357,641,3,2752.48,Cash,2026-05-06 2:00:00,PENDING
8358,694,12,2561.37,Transfer,2026-05-03 4:00:00,COMPLETED
8359,865,16,4357.61,Card,2026-05-03 15:00:00,CANCELLED
8360,568,4,723.11,Transfer,2026-05-04 20:00:00,CANCELLED
8361,333,4,2449.58,Cash,2026-05-01 20:00:00,CANCELLED
8362,968,14,4445.82,Transfer,2026-05-02 23:00:00,PENDING
8363,871,12,1542.48,Transfer,2026-05-05 11:00:00,COMPLETED
8364,232,13,4539.37,Transfer,2026-05-03 16:00:00,COMPLETED
8365,78,1,4996.88,Card,2026-05-03 8:00:00,COMPLETED
8366,531,16,1415.65,Transfer,2026-05-03 22:00:00,COMPLETED
8367,554,14,811.68,Card,2026-05-07 13:00:00,CANCELLED
8368,107,2,2015.49,Card,2026-05-02 1:00:00,COMPLETED
8369,318,14,1929.96,Transfer,2026-05-05 10:00:00,CANCELLED
8370,565,12,1781.38,Cash,2026-05-03 20:00:00,PENDING
8371,136,2,2729.77,Transfer,2026-05-02 14:00:00,PENDING
8372,307,19,1938.93,Transfer,2026-05-07 21:00:00,CANCELLED
8373,155,20,1537.1,Transfer,2026-05-01 11:00:00,CANCELLED
8374,272,5,4090.89,Cash,2026-05-01 23:00:00,PENDING
8375,397,17,1557.36,Cash,2026-05-02 2:00:00,PENDING
8376,328,8,3781.26,Transfer,2026-05-03 9:00:00,COMPLETED
8377,33,11,2308.3,Card,2026-05-07 11:00:00,COMPLETED
8378,907,17,2609.68,Card,2026-05-03 9:00:00,COMPLETED
8379,945,7,2447.04,Card,2026-05-03 14:00:00,CANCELLED
8380,676,16,1702.5,Card,2026-05-06 6:00:00,CANCELLED
8381,232,12,1927.65,Transfer,2026-05-06 8:00:00,COMPLETED
8382,444,8,1749.68,Card,2026-05-06 7:00:00,COMPLETED
8383,731,17,1349.22,Cash,2026-05-03 11:00:00,PENDING
8384,528,9,2451.77,Card,2026-05-07 12:00:00,CANCELLED
8385,335,3,1710.8,Transfer,2026-05-04 22:00:00,PENDING
8386,833,13,2948.85,Cash,2026-05-06 13:00:00,PENDING
8387,52,12,4775.23,Card,2026-05-04 11:00:00,PENDING
8388,593,9,601.47,Transfer,2026-05-06 14:00:00,PENDING
8389,691,15,1402.42,Cash,2026-05-03 14:00:00,PENDING
8390,748,17,2262.39,Card,2026-05-04 6:00:00,PENDING
8391,785,14,4834.11,Transfer,2026-05-05 4:00:00,COMPLETED
8392,335,12,4472.67,Cash,2026-05-04 3:00:00,CANCELLED
8393,919,17,1075.74,Cash,2026-05-05 7:00:00,CANCELLED
8394,899,9,2276.64,Transfer,2026-05-06 21:00:00,CANCELLED
8395,26,7,3175.97,Transfer,2026-05-03 3:00:00,CANCELLED
8396,802,17,3446.04,Cash,2026-05-03 5:00:00,COMPLETED
8397,474,14,1439.76,Transfer,2026-05-03 13:00:00,PENDING
8398,257,19,651.69,Transfer,2026-05-03 16:00:00,CANCELLED
8399,813,17,3945.36,Card,2026-05-05 19:00:00,CANCELLED
8400,489,7,2161.69,Transfer,2026-05-03 13:00:00,PENDING
8401,168,3,3661.36,Transfer,2026-05-01 14:00:00,PENDING
8402,109,3,1257.92,Card,2026-05-03 14:00:00,CANCELLED
8403,640,20,3401.86,Cash,2026-05-04 20:00:00,COMPLETED
8404,402,1,4062.4,Cash,2026-05-01 11:00:00,CANCELLED
8405,219,19,1851.78,Cash,2026-05-07 7:00:00,CANCELLED
8406,964,1,638.83,Card,2026-05-01 10:00:00,COMPLETED
8407,918,9,1443.38,Transfer,2026-05-04 11:00:00,PENDING
8408,325,3,1310.36,Cash,2026-05-02 14:00:00,PENDING
8409,710,15,4165.09,Transfer,2026-05-01 0:00:00,COMPLETED
8410,197,15,2982.94,Cash,2026-05-02 9:00:00,CANCELLED
8411,590,18,3089.87,Cash,2026-05-03 9:00:00,CANCELLED
8412,672,3,1247.0,Card,2026-05-02 19:00:00,PENDING
8413,659,8,1305.52,Transfer,2026-05-03 5:00:00,PENDING
8414,104,18,1428.06,Transfer,2026-05-01 1:00:00,COMPLETED
8415,939,12,1515.13,Card,2026-05-07 3:00:00,PENDING
8416,802,1,2147.73,Cash,2026-05-04 5:00:00,COMPLETED
8417,785,5,4963.45,Transfer,2026-05-06 15:00:00,PENDING
8418,482,1,615.59,Card,2026-05-04 19:00:00,COMPLETED
8419,309,16,3250.33,Transfer,2026-05-02 10:00:00,COMPLETED
8420,967,10,1031.1,Card,2026-05-06 9:00:00,CANCELLED
8421,700,12,4273.62,Cash,2026-05-07 10:00:00,COMPLETED
8422,701,1,1005.17,Transfer,2026-05-02 14:00:00,PENDING
8423,376,20,1221.94,Card,2026-05-07 12:00:00,CANCELLED
8424,452,5,2875.0,Card,2026-05-04 19:00:00,PENDING
8425,194,5,3830.82,Transfer,2026-05-06 9:00:00,PENDING
8426,526,4,4727.8,Card,2026-05-01 4:00:00,CANCELLED
8427,689,1,785.53,Transfer,2026-05-07 15:00:00,PENDING
8428,528,3,2898.78,Transfer,2026-05-05 3:00:00,PENDING
8429,947,10,3474.12,Transfer,2026-05-05 5:00:00,CANCELLED
8430,653,16,3505.07,Card,2026-05-03 13:00:00,PENDING
8431,21,12,3955.03,Transfer,2026-05-02 22:00:00,CANCELLED
8432,726,4,3427.12,Transfer,2026-05-07 1:00:00,CANCELLED
8433,948,1,3926.82,Cash,2026-05-05 19:00:00,CANCELLED
8434,175,10,1068.09,Card,2026-05-02 7:00:00,CANCELLED
8435,111,16,4578.36,Card,2026-05-05 21:00:00,CANCELLED
8436,815,7,536.12,Card,2026-05-05 9:00:00,CANCELLED
8437,149,12,3782.37,Transfer,2026-05-04 19:00:00,COMPLETED
8438,970,2,2513.18,Transfer,2026-05-03 22:00:00,PENDING
8439,931,19,1888.21,Cash,2026-05-03 5:00:00,PENDING
8440,195,12,4021.41,Transfer,2026-05-07 10:00:00,COMPLETED
8441,959,7,2360.21,Card,2026-05-03 15:00:00,COMPLETED
8442,850,10,4709.98,Transfer,2026-05-04 7:00:00,COMPLETED
8443,530,1,686.71,Card,2026-05-02 2:00:00,CANCELLED
8444,234,1,2729.27,Card,2026-05-02 14:00:00,COMPLETED
8445,802,12,2747.58,Transfer,2026-05-07 15:00:00,PENDING
8446,331,20,2967.8,Card,2026-05-06 13:00:00,COMPLETED
8447,915,16,2711.44,Card,2026-05-06 7:00:00,CANCELLED
8448,159,19,500.56,Card,2026-05-02 5:00:00,PENDING
8449,878,7,3169.41,Transfer,2026-05-06 5:00:00,COMPLETED
8450,779,3,1790.02,Cash,2026-05-02 19:00:00,CANCELLED
8451,896,11,4743.53,Cash,2026-05-05 1:00:00,CANCELLED
8452,632,18,1348.15,Card,2026-05-06 22:00:00,PENDING
8453,704,14,2261.43,Transfer,2026-05-05 10:00:00,COMPLETED
8454,990,5,4517.57,Transfer,2026-05-02 22:00:00,CANCELLED
8455,765,10,4560.09,Transfer,2026-05-02 17:00:00,COMPLETED
8456,659,11,2360.89,Transfer,2026-05-05 23:00:00,PENDING
8457,591,3,3329.86,Card,2026-05-03 22:00:00,PENDING
8458,791,14,1030.29,Cash,2026-05-04 20:00:00,PENDING
8459,462,5,2691.77,Card,2026-05-03 20:00:00,CANCELLED
8460,666,9,1752.44,Transfer,2026-05-01 4:00:00,PENDING
8461,219,1,4807.85,Transfer,2026-05-07 13:00:00,COMPLETED
8462,210,2,1486.99,Card,2026-05-04 18:00:00,CANCELLED
8463,518,8,991.09,Card,2026-05-07 18:00:00,COMPLETED
8464,358,12,3788.96,Cash,2026-05-05 1:00:00,CANCELLED
8465,170,18,4165.09,Cash,2026-05-04 12:00:00,PENDING
8466,141,5,4437.22,Cash,2026-05-06 5:00:00,CANCELLED
8467,910,17,874.22,Card,2026-05-02 14:00:00,PENDING
8468,698,14,4788.3,Cash,2026-05-03 21:00:00,COMPLETED
8469,845,2,3093.24,Cash,2026-05-03 23:00:00,COMPLETED
8470,966,1,4469.23,Transfer,2026-05-07 11:00:00,PENDING
8471,78,7,1872.62,Cash,2026-05-01 16:00:00,CANCELLED
8472,569,2,2962.84,Card,2026-05-04 7:00:00,CANCELLED
8473,691,16,1641.65,Cash,2026-05-02 17:00:00,COMPLETED
8474,711,18,1921.2,Cash,2026-05-04 20:00:00,CANCELLED
8475,9,1,1000.42,Card,2026-05-05 21:00:00,CANCELLED
8476,412,16,3610.56,Card,2026-05-02 2:00:00,COMPLETED
8477,205,10,4887.82,Transfer,2026-05-01 2:00:00,CANCELLED
8478,463,1,1172.13,Cash,2026-05-05 9:00:00,COMPLETED
8479,931,16,1130.42,Cash,2026-05-07 12:00:00,PENDING
8480,48,14,2649.85,Card,2026-05-05 6:00:00,PENDING
8481,730,12,2670.35,Card,2026-05-03 2:00:00,COMPLETED
8482,7,11,4202.07,Card,2026-05-01 7:00:00,CANCELLED
8483,908,8,2581.63,Cash,2026-05-04 16:00:00,COMPLETED
8484,340,11,3172.57,Card,2026-05-03 19:00:00,COMPLETED
8485,364,19,845.32,Cash,2026-05-05 1:00:00,PENDING
8486,666,12,4092.7,Transfer,2026-05-01 23:00:00,COMPLETED
8487,773,8,535.96,Transfer,2026-05-05 7:00:00,PENDING
8488,844,18,2593.38,Card,2026-05-05 11:00:00,COMPLETED
8489,942,8,3662.0,Transfer,2026-05-01 8:00:00,COMPLETED
8490,58,14,4373.95,Cash,2026-05-01 2:00:00,PENDING
8491,947,11,3456.82,Cash,2026-05-02 17:00:00,PENDING
8492,865,4,3046.56,Card,2026-05-06 9:00:00,COMPLETED
8493,907,4,1385.67,Transfer,2026-05-01 23:00:00,CANCELLED
8494,952,5,4330.45,Card,2026-05-02 7:00:00,PENDING
8495,939,20,4070.12,Card,2026-05-07 8:00:00,CANCELLED
8496,200,11,515.51,Card,2026-05-01 4:00:00,PENDING
8497,107,18,2462.43,Transfer,2026-05-04 20:00:00,CANCELLED
8498,240,18,4924.51,Transfer,2026-05-05 16:00:00,CANCELLED
8499,410,16,4499.58,Cash,2026-05-06 16:00:00,CANCELLED
8500,270,4,2734.81,Card,2026-05-06 2:00:00,CANCELLED
8501,887,14,4278.99,Card,2026-05-04 21:00:00,PENDING
8502,668,3,2049.16,Cash,2026-05-05 6:00:00,PENDING
8503,488,1,4392.36,Card,2026-05-02 11:00:00,PENDING
8504,322,19,2009.12,Cash,2026-05-01 9:00:00,CANCELLED
8505,86,1,3628.52,Cash,2026-05-06 3:00:00,CANCELLED
8506,624,10,1560.33,Transfer,2026-05-07 21:00:00,CANCELLED
8507,842,13,3961.64,Card,2026-05-04 8:00:00,PENDING
8508,51,19,830.76,Card,2026-05-02 15:00:00,PENDING
8509,127,1,3651.64,Transfer,2026-05-05 5:00:00,PENDING
8510,150,9,4174.58,Card,2026-05-01 11:00:00,CANCELLED
8511,500,12,3379.07,Cash,2026-05-06 23:00:00,CANCELLED
8512,429,1,3904.72,Card,2026-05-05 19:00:00,PENDING
8513,709,16,2977.79,Transfer,2026-05-06 15:00:00,COMPLETED
8514,238,20,2915.69,Card,2026-05-04 5:00:00,COMPLETED
8515,678,18,515.79,Cash,2026-05-06 8:00:00,PENDING
8516,349,13,3062.57,Card,2026-05-04 9:00:00,PENDING
8517,888,18,3897.61,Cash,2026-05-04 10:00:00,COMPLETED
8518,469,9,1350.37,Card,2026-05-01 14:00:00,COMPLETED
8519,492,14,2013.87,Cash,2026-05-02 8:00:00,PENDING
8520,476,5,995.82,Card,2026-05-03 11:00:00,CANCELLED
8521,143,15,4862.2,Transfer,2026-05-04 7:00:00,CANCELLED
8522,839,19,4797.03,Transfer,2026-05-06 17:00:00,CANCELLED
8523,779,15,2573.04,Cash,2026-05-06 18:00:00,PENDING
8524,454,7,635.87,Transfer,2026-05-06 15:00:00,CANCELLED
8525,767,11,3070.36,Transfer,2026-05-02 15:00:00,CANCELLED
8526,188,10,1932.54,Cash,2026-05-04 5:00:00,COMPLETED
8527,74,14,1058.3,Card,2026-05-01 15:00:00,COMPLETED
8528,16,10,4703.96,Card,2026-05-02 21:00:00,PENDING
8529,698,4,4328.08,Transfer,2026-05-03 15:00:00,PENDING
8530,198,1,3887.64,Cash,2026-05-02 11:00:00,PENDING
8531,297,20,2800.65,Card,2026-05-01 19:00:00,COMPLETED
8532,167,2,3271.42,Card,2026-05-02 4:00:00,CANCELLED
8533,402,10,3712.93,Card,2026-05-07 5:00:00,PENDING
8534,241,4,678.46,Card,2026-05-03 16:00:00,CANCELLED
8535,264,11,1060.07,Card,2026-05-01 21:00:00,COMPLETED
8536,372,9,3478.03,Cash,2026-05-06 2:00:00,COMPLETED
8537,533,11,1166.66,Cash,2026-05-04 21:00:00,COMPLETED
8538,701,2,2275.09,Transfer,2026-05-07 0:00:00,COMPLETED
8539,859,9,3921.16,Card,2026-05-06 21:00:00,PENDING
8540,744,6,2226.92,Transfer,2026-05-03 2:00:00,COMPLETED
8541,981,15,3846.55,Transfer,2026-05-05 21:00:00,CANCELLED
8542,150,15,862.52,Card,2026-05-04 13:00:00,CANCELLED
8543,951,4,2697.88,Card,2026-05-05 5:00:00,CANCELLED
8544,321,13,2196.21,Transfer,2026-05-02 12:00:00,COMPLETED
8545,608,11,3698.71,Card,2026-05-03 9:00:00,COMPLETED
8546,420,4,1122.04,Cash,2026-05-02 22:00:00,CANCELLED
8547,211,14,1396.48,Cash,2026-05-06 8:00:00,CANCELLED
8548,835,2,1191.69,Transfer,2026-05-05 17:00:00,PENDING
8549,967,16,3652.12,Card,2026-05-02 0:00:00,COMPLETED
8550,472,4,1504.34,Card,2026-05-01 20:00:00,CANCELLED
8551,308,12,3325.54,Cash,2026-05-03 2:00:00,PENDING
8552,562,12,1331.59,Transfer,2026-05-03 8:00:00,COMPLETED
8553,81,15,860.48,Cash,2026-05-02 5:00:00,CANCELLED
8554,421,11,3632.16,Transfer,2026-05-07 9:00:00,CANCELLED
8555,57,10,2277.39,Transfer,2026-05-04 7:00:00,COMPLETED
8556,947,8,1229.49,Transfer,2026-05-05 16:00:00,COMPLETED
8557,82,17,4951.2,Cash,2026-05-07 23:00:00,PENDING
8558,13,17,4299.83,Card,2026-05-03 1:00:00,COMPLETED
8559,365,17,3533.18,Card,2026-05-05 11:00:00,COMPLETED
8560,764,7,1515.37,Card,2026-05-05 3:00:00,PENDING
8561,553,16,2722.5,Transfer,2026-05-02 22:00:00,PENDING
8562,664,17,3268.42,Cash,2026-05-02 17:00:00,CANCELLED
8563,908,12,3869.88,Transfer,2026-05-02 2:00:00,COMPLETED
8564,155,5,1017.49,Cash,2026-05-01 23:00:00,COMPLETED
8565,263,3,1602.52,Transfer,2026-05-07 23:00:00,CANCELLED
8566,234,20,1512.01,Card,2026-05-01 18:00:00,CANCELLED
8567,537,17,3238.92,Cash,2026-05-04 16:00:00,CANCELLED
8568,265,3,1211.51,Transfer,2026-05-04 3:00:00,COMPLETED
8569,605,17,3950.07,Cash,2026-05-06 10:00:00,COMPLETED
8570,959,20,999.3,Transfer,2026-05-06 7:00:00,PENDING
8571,771,11,2235.79,Card,2026-05-05 21:00:00,CANCELLED
8572,83,4,4410.75,Card,2026-05-05 13:00:00,COMPLETED
8573,634,12,2369.82,Card,2026-05-07 17:00:00,CANCELLED
8574,584,18,3575.67,Cash,2026-05-04 13:00:00,COMPLETED
8575,631,12,1814.0,Cash,2026-05-05 22:00:00,CANCELLED
8576,442,8,641.0,Transfer,2026-05-05 8:00:00,PENDING
8577,36,19,712.16,Cash,2026-05-02 13:00:00,PENDING
8578,131,3,3518.51,Card,2026-05-01 18:00:00,COMPLETED
8579,390,8,1735.49,Card,2026-05-01 15:00:00,CANCELLED
8580,671,7,4808.19,Card,2026-05-05 11:00:00,CANCELLED
8581,111,10,3310.51,Cash,2026-05-04 0:00:00,PENDING
8582,102,15,3423.92,Card,2026-05-05 8:00:00,COMPLETED
8583,869,2,4384.75,Card,2026-05-06 15:00:00,CANCELLED
8584,894,15,4977.49,Card,2026-05-04 20:00:00,COMPLETED
8585,692,2,3591.63,Cash,2026-05-02 5:00:00,COMPLETED
8586,290,4,3052.29,Cash,2026-05-06 14:00:00,COMPLETED
8587,446,15,3550.62,Card,2026-05-05 12:00:00,COMPLETED
8588,169,4,1077.53,Transfer,2026-05-04 16:00:00,PENDING
8589,440,1,3088.33,Cash,2026-05-07 16:00:00,PENDING
8590,172,7,1247.05,Transfer,2026-05-04 12:00:00,PENDING
8591,828,3,2519.02,Card,2026-05-06 18:00:00,COMPLETED
8592,762,19,2942.34,Card,2026-05-02 5:00:00,CANCELLED
8593,154,2,4414.36,Card,2026-05-01 1:00:00,PENDING
8594,171,18,2172.25,Cash,2026-05-04 8:00:00,COMPLETED
8595,866,4,1557.81,Card,2026-05-02 12:00:00,COMPLETED
8596,982,8,2522.53,Card,2026-05-04 9:00:00,CANCELLED
8597,28,14,2168.98,Cash,2026-05-05 10:00:00,PENDING
8598,498,8,3423.86,Cash,2026-05-05 23:00:00,COMPLETED
8599,395,20,1779.52,Transfer,2026-05-05 17:00:00,COMPLETED
8600,488,14,3227.18,Cash,2026-05-01 18:00:00,CANCELLED
8601,42,16,3201.01,Card,2026-05-07 5:00:00,COMPLETED
8602,546,12,3305.78,Transfer,2026-05-03 18:00:00,COMPLETED
8603,295,14,720.79,Transfer,2026-05-04 12:00:00,CANCELLED
8604,988,7,696.53,Transfer,2026-05-07 22:00:00,PENDING
8605,791,12,1192.49,Cash,2026-05-05 19:00:00,CANCELLED
8606,722,20,3269.88,Cash,2026-05-04 1:00:00,CANCELLED
8607,785,9,4935.16,Card,2026-05-01 7:00:00,COMPLETED
8608,357,4,943.81,Transfer,2026-05-06 18:00:00,CANCELLED
8609,631,5,3025.04,Card,2026-05-07 19:00:00,PENDING
8610,566,12,927.98,Card,2026-05-04 14:00:00,CANCELLED
8611,149,11,2138.95,Card,2026-05-07 19:00:00,COMPLETED
8612,211,3,564.89,Transfer,2026-05-07 4:00:00,PENDING
8613,583,20,3374.94,Cash,2026-05-05 9:00:00,CANCELLED
8614,610,11,2232.45,Transfer,2026-05-05 6:00:00,PENDING
8615,141,1,3224.91,Cash,2026-05-06 18:00:00,PENDING
8616,429,9,2905.11,Card,2026-05-01 23:00:00,COMPLETED
8617,819,15,2013.21,Cash,2026-05-02 13:00:00,PENDING
8618,871,17,2190.67,Transfer,2026-05-04 14:00:00,CANCELLED
8619,623,3,4606.43,Card,2026-05-01 19:00:00,COMPLETED
8620,10,9,2433.82,Cash,2026-05-05 12:00:00,CANCELLED
8621,762,18,2416.37,Transfer,2026-05-06 12:00:00,COMPLETED
8622,383,2,3776.82,Card,2026-05-05 14:00:00,CANCELLED
8623,816,11,3543.73,Card,2026-05-06 9:00:00,CANCELLED
8624,628,18,4813.81,Cash,2026-05-05 17:00:00,COMPLETED
8625,999,19,2659.2,Transfer,2026-05-05 3:00:00,COMPLETED
8626,243,11,1235.9,Cash,2026-05-04 8:00:00,PENDING
8627,807,12,3962.47,Card,2026-05-03 14:00:00,COMPLETED
8628,744,11,4003.88,Card,2026-05-06 9:00:00,CANCELLED
8629,773,14,3271.49,Card,2026-05-04 20:00:00,COMPLETED
8630,651,19,4867.55,Transfer,2026-05-03 22:00:00,CANCELLED
8631,575,12,3581.17,Card,2026-05-01 13:00:00,CANCELLED
8632,432,12,1233.2,Transfer,2026-05-02 16:00:00,COMPLETED
8633,576,9,1909.87,Cash,2026-05-06 2:00:00,CANCELLED
8634,4,16,2015.88,Cash,2026-05-01 0:00:00,CANCELLED
8635,280,20,2800.31,Transfer,2026-05-07 13:00:00,CANCELLED
8636,13,9,1174.2,Cash,2026-05-01 9:00:00,PENDING
8637,551,11,4955.93,Card,2026-05-06 6:00:00,COMPLETED
8638,16,16,1829.36,Card,2026-05-05 2:00:00,PENDING
8639,717,4,3773.76,Cash,2026-05-03 2:00:00,PENDING
8640,664,7,1918.15,Transfer,2026-05-05 13:00:00,CANCELLED
8641,809,19,2728.92,Cash,2026-05-04 13:00:00,CANCELLED
8642,106,17,1787.19,Transfer,2026-05-01 11:00:00,PENDING
8643,178,6,1966.77,Cash,2026-05-02 6:00:00,CANCELLED
8644,110,12,850.91,Transfer,2026-05-06 19:00:00,CANCELLED
8645,480,14,1398.74,Transfer,2026-05-06 5:00:00,COMPLETED
8646,819,10,2185.2,Transfer,2026-05-03 6:00:00,COMPLETED
8647,315,17,4160.73,Cash,2026-05-04 21:00:00,PENDING
8648,287,2,4093.78,Card,2026-05-04 21:00:00,CANCELLED
8649,708,20,3318.12,Transfer,2026-05-06 8:00:00,CANCELLED
8650,832,14,1108.73,Cash,2026-05-06 17:00:00,PENDING
8651,409,4,3978.93,Card,2026-05-03 4:00:00,CANCELLED
8652,906,5,2619.5,Cash,2026-05-02 20:00:00,CANCELLED
8653,643,9,4586.97,Cash,2026-05-04 14:00:00,COMPLETED
8654,112,20,1874.99,Card,2026-05-01 19:00:00,CANCELLED
8655,120,8,3355.81,Cash,2026-05-05 7:00:00,PENDING
8656,425,1,1813.54,Transfer,2026-05-06 15:00:00,CANCELLED
8657,668,16,802.73,Card,2026-05-01 16:00:00,COMPLETED
8658,665,20,2446.63,Card,2026-05-05 14:00:00,CANCELLED
8659,148,18,1311.23,Cash,2026-05-03 18:00:00,CANCELLED
8660,602,5,4076.5,Card,2026-05-05 17:00:00,CANCELLED
8661,855,20,893.27,Transfer,2026-05-03 2:00:00,PENDING
8662,300,18,4002.05,Cash,2026-05-03 2:00:00,CANCELLED
8663,371,11,606.96,Cash,2026-05-03 5:00:00,CANCELLED
8664,690,19,3536.68,Card,2026-05-01 15:00:00,PENDING
8665,704,15,4059.91,Card,2026-05-06 11:00:00,PENDING
8666,103,3,2651.06,Transfer,2026-05-05 18:00:00,CANCELLED
8667,973,19,1358.84,Card,2026-05-02 8:00:00,COMPLETED
8668,462,16,2120.79,Cash,2026-05-01 19:00:00,COMPLETED
8669,710,11,4525.93,Transfer,2026-05-06 3:00:00,CANCELLED
8670,888,1,2711.2,Card,2026-05-06 21:00:00,COMPLETED
8671,274,16,4985.48,Cash,2026-05-06 3:00:00,PENDING
8672,450,7,871.42,Cash,2026-05-06 5:00:00,COMPLETED
8673,217,14,2964.31,Transfer,2026-05-05 14:00:00,PENDING
8674,921,3,2629.4,Cash,2026-05-06 20:00:00,CANCELLED
8675,199,3,4470.77,Transfer,2026-05-06 7:00:00,COMPLETED
8676,603,17,2389.08,Transfer,2026-05-05 16:00:00,CANCELLED
8677,30,13,3396.79,Transfer,2026-05-06 4:00:00,COMPLETED
8678,434,17,505.38,Transfer,2026-05-05 20:00:00,COMPLETED
8679,33,16,3188.24,Card,2026-05-07 21:00:00,PENDING
8680,419,17,1087.41,Cash,2026-05-05 14:00:00,CANCELLED
8681,851,16,2639.37,Transfer,2026-05-01 18:00:00,PENDING
8682,687,7,4301.83,Cash,2026-05-03 5:00:00,CANCELLED
8683,818,10,4964.22,Card,2026-05-02 3:00:00,COMPLETED
8684,320,1,1423.94,Transfer,2026-05-04 18:00:00,CANCELLED
8685,332,10,1931.29,Card,2026-05-04 13:00:00,COMPLETED
8686,537,11,4591.89,Cash,2026-05-05 8:00:00,COMPLETED
8687,996,2,3563.97,Transfer,2026-05-07 18:00:00,PENDING
8688,209,19,3485.69,Cash,2026-05-05 21:00:00,COMPLETED
8689,452,8,3559.0,Transfer,2026-05-04 2:00:00,PENDING
8690,700,20,501.47,Transfer,2026-05-07 11:00:00,PENDING
8691,219,10,3841.62,Transfer,2026-05-02 19:00:00,COMPLETED
8692,591,20,1521.36,Cash,2026-05-06 16:00:00,CANCELLED
8693,42,14,1443.87,Transfer,2026-05-03 22:00:00,PENDING
8694,895,4,2745.98,Cash,2026-05-02 7:00:00,CANCELLED
8695,215,3,4373.59,Transfer,2026-05-01 12:00:00,PENDING
8696,328,16,2283.02,Card,2026-05-03 0:00:00,CANCELLED
8697,303,7,1490.51,Cash,2026-05-01 23:00:00,PENDING
8698,851,15,3084.0,Cash,2026-05-06 5:00:00,COMPLETED
8699,373,18,2062.17,Cash,2026-05-02 6:00:00,COMPLETED
8700,836,4,3941.98,Card,2026-05-02 15:00:00,PENDING
8701,477,3,4073.45,Cash,2026-05-05 13:00:00,COMPLETED
8702,748,19,3034.38,Cash,2026-05-05 18:00:00,CANCELLED
8703,880,15,4888.85,Transfer,2026-05-07 15:00:00,COMPLETED
8704,346,8,2028.29,Card,2026-05-04 13:00:00,CANCELLED
8705,890,9,1550.58,Cash,2026-05-03 14:00:00,COMPLETED
8706,838,15,2043.06,Cash,2026-05-03 21:00:00,COMPLETED
8707,564,16,1665.39,Cash,2026-05-06 5:00:00,PENDING
8708,986,7,4669.66,Card,2026-05-07 15:00:00,CANCELLED
8709,582,11,4343.98,Cash,2026-05-05 2:00:00,COMPLETED
8710,27,7,1404.95,Transfer,2026-05-01 3:00:00,CANCELLED
8711,984,18,1409.32,Cash,2026-05-06 12:00:00,PENDING
8712,103,12,4403.69,Card,2026-05-07 3:00:00,COMPLETED
8713,40,16,4363.75,Transfer,2026-05-02 0:00:00,PENDING
8714,127,12,1821.87,Card,2026-05-01 4:00:00,CANCELLED
8715,78,18,1389.33,Transfer,2026-05-05 1:00:00,PENDING
8716,616,3,679.51,Cash,2026-05-05 7:00:00,CANCELLED
8717,598,18,1599.17,Transfer,2026-05-05 0:00:00,CANCELLED
8718,616,15,1973.41,Transfer,2026-05-02 12:00:00,PENDING
8719,517,5,2185.98,Transfer,2026-05-02 18:00:00,PENDING
8720,830,8,2954.45,Cash,2026-05-05 0:00:00,CANCELLED
8721,419,5,3367.75,Card,2026-05-04 14:00:00,CANCELLED
8722,732,10,4126.1,Cash,2026-05-07 17:00:00,COMPLETED
8723,998,1,1970.59,Card,2026-05-05 20:00:00,COMPLETED
8724,384,18,1400.74,Cash,2026-05-05 4:00:00,PENDING
8725,949,5,3944.53,Cash,2026-05-01 19:00:00,PENDING
8726,110,15,3981.02,Transfer,2026-05-01 11:00:00,PENDING
8727,663,7,4780.31,Cash,2026-05-02 2:00:00,CANCELLED
8728,130,4,2767.35,Cash,2026-05-01 22:00:00,CANCELLED
8729,457,5,4846.46,Cash,2026-05-02 19:00:00,CANCELLED
8730,865,11,3526.81,Cash,2026-05-02 11:00:00,CANCELLED
8731,904,18,4273.34,Cash,2026-05-03 8:00:00,CANCELLED
8732,519,4,3219.6,Card,2026-05-03 23:00:00,PENDING
8733,35,8,1627.64,Cash,2026-05-06 15:00:00,PENDING
8734,503,11,4904.4,Card,2026-05-06 7:00:00,COMPLETED
8735,526,13,1269.04,Card,2026-05-07 12:00:00,COMPLETED
8736,326,15,3736.85,Card,2026-05-04 12:00:00,PENDING
8737,765,11,3692.94,Cash,2026-05-05 21:00:00,PENDING
8738,728,17,3999.08,Transfer,2026-05-02 19:00:00,CANCELLED
8739,753,18,521.31,Card,2026-05-03 22:00:00,PENDING
8740,594,11,779.54,Card,2026-05-07 8:00:00,COMPLETED
8741,298,5,2881.99,Transfer,2026-05-01 8:00:00,CANCELLED
8742,436,20,1612.12,Transfer,2026-05-01 6:00:00,PENDING
8743,748,9,1468.59,Card,2026-05-03 9:00:00,CANCELLED
8744,721,8,4777.75,Card,2026-05-01 9:00:00,PENDING
8745,284,11,3487.27,Transfer,2026-05-07 8:00:00,COMPLETED
8746,550,10,3049.08,Transfer,2026-05-01 13:00:00,COMPLETED
8747,50,14,2377.23,Card,2026-05-02 1:00:00,CANCELLED
8748,86,5,600.4,Transfer,2026-05-05 13:00:00,COMPLETED
8749,794,8,2345.76,Card,2026-05-07 15:00:00,CANCELLED
8750,109,18,3273.96,Cash,2026-05-07 0:00:00,PENDING
8751,425,10,1072.54,Transfer,2026-05-06 8:00:00,PENDING
8752,335,15,3434.43,Cash,2026-05-03 11:00:00,CANCELLED
8753,242,11,2094.8,Cash,2026-05-04 17:00:00,COMPLETED
8754,923,17,2985.22,Transfer,2026-05-05 23:00:00,CANCELLED
8755,116,16,1827.41,Transfer,2026-05-02 11:00:00,COMPLETED
8756,197,11,3614.66,Cash,2026-05-06 18:00:00,CANCELLED
8757,49,11,3483.98,Card,2026-05-02 11:00:00,CANCELLED
8758,36,14,2887.54,Cash,2026-05-03 11:00:00,COMPLETED
8759,431,17,668.02,Cash,2026-05-05 11:00:00,CANCELLED
8760,43,3,4052.94,Card,2026-05-02 13:00:00,COMPLETED
8761,110,2,1063.09,Cash,2026-05-07 4:00:00,CANCELLED
8762,657,16,2984.9,Transfer,2026-05-02 0:00:00,COMPLETED
8763,628,19,1447.75,Cash,2026-05-05 15:00:00,COMPLETED
8764,325,18,525.87,Card,2026-05-01 18:00:00,CANCELLED
8765,650,5,1182.05,Cash,2026-05-06 11:00:00,COMPLETED
8766,62,9,1204.52,Card,2026-05-01 13:00:00,PENDING
8767,122,2,1790.64,Cash,2026-05-02 17:00:00,COMPLETED
8768,646,4,4309.11,Transfer,2026-05-03 23:00:00,PENDING
8769,526,12,4387.09,Card,2026-05-01 21:00:00,COMPLETED
8770,512,8,4187.75,Transfer,2026-05-07 15:00:00,PENDING
8771,775,11,2189.24,Card,2026-05-04 5:00:00,COMPLETED
8772,349,20,4792.54,Transfer,2026-05-02 5:00:00,CANCELLED
8773,867,4,1382.53,Cash,2026-05-01 10:00:00,CANCELLED
8774,290,4,1872.44,Transfer,2026-05-03 18:00:00,COMPLETED
8775,513,10,4221.34,Cash,2026-05-06 23:00:00,COMPLETED
8776,762,15,3681.43,Card,2026-05-03 12:00:00,COMPLETED
8777,788,6,1450.74,Transfer,2026-05-05 23:00:00,CANCELLED
8778,837,17,2431.24,Card,2026-05-07 20:00:00,CANCELLED
8779,354,15,4461.85,Card,2026-05-03 16:00:00,CANCELLED
8780,236,5,510.46,Transfer,2026-05-03 3:00:00,PENDING
8781,636,12,2071.85,Transfer,2026-05-03 7:00:00,PENDING
8782,103,6,4703.77,Card,2026-05-05 5:00:00,COMPLETED
8783,940,6,1703.22,Card,2026-05-07 22:00:00,PENDING
8784,292,20,4553.05,Transfer,2026-05-06 14:00:00,PENDING
8785,611,2,3067.07,Card,2026-05-02 3:00:00,CANCELLED
8786,176,18,2772.14,Transfer,2026-05-02 2:00:00,COMPLETED
8787,560,12,1817.34,Card,2026-05-04 13:00:00,PENDING
8788,301,1,3922.45,Transfer,2026-05-07 21:00:00,CANCELLED
8789,449,7,2607.36,Transfer,2026-05-05 16:00:00,COMPLETED
8790,21,19,3351.95,Cash,2026-05-04 19:00:00,COMPLETED
8791,946,4,4650.97,Transfer,2026-05-03 12:00:00,PENDING
8792,496,6,4638.63,Cash,2026-05-06 2:00:00,PENDING
8793,133,3,712.62,Cash,2026-05-02 2:00:00,PENDING
8794,773,14,1893.38,Cash,2026-05-02 8:00:00,PENDING
8795,1,10,4733.14,Card,2026-05-01 23:00:00,PENDING
8796,939,2,4003.12,Card,2026-05-01 10:00:00,CANCELLED
8797,715,3,1753.34,Transfer,2026-05-06 12:00:00,COMPLETED
8798,432,9,4662.05,Transfer,2026-05-02 9:00:00,COMPLETED
8799,421,10,3656.98,Card,2026-05-03 14:00:00,COMPLETED
8800,297,10,3369.13,Transfer,2026-05-03 12:00:00,COMPLETED
8801,873,20,4840.7,Cash,2026-05-02 2:00:00,PENDING
8802,54,13,830.06,Cash,2026-05-07 6:00:00,PENDING
8803,582,6,4012.59,Transfer,2026-05-05 19:00:00,CANCELLED
8804,961,3,2959.18,Cash,2026-05-02 18:00:00,CANCELLED
8805,910,13,2588.73,Cash,2026-05-05 14:00:00,COMPLETED
8806,489,19,1047.22,Card,2026-05-06 15:00:00,CANCELLED
8807,322,10,3466.09,Card,2026-05-06 5:00:00,CANCELLED
8808,281,19,4647.58,Transfer,2026-05-05 5:00:00,CANCELLED
8809,142,13,1237.86,Transfer,2026-05-07 12:00:00,CANCELLED
8810,207,8,3795.94,Transfer,2026-05-05 9:00:00,CANCELLED
8811,52,11,4285.4,Card,2026-05-03 14:00:00,COMPLETED
8812,970,18,2055.81,Card,2026-05-03 20:00:00,CANCELLED
8813,591,17,3226.28,Cash,2026-05-01 8:00:00,COMPLETED
8814,948,20,1214.82,Cash,2026-05-01 1:00:00,CANCELLED
8815,790,2,2850.28,Transfer,2026-05-05 23:00:00,COMPLETED
8816,922,2,1918.02,Transfer,2026-05-01 1:00:00,CANCELLED
8817,530,5,4743.02,Cash,2026-05-03 10:00:00,CANCELLED
8818,924,13,3755.39,Transfer,2026-05-01 5:00:00,COMPLETED
8819,326,19,2409.03,Transfer,2026-05-02 11:00:00,CANCELLED
8820,186,7,545.85,Cash,2026-05-03 14:00:00,CANCELLED
8821,513,9,4050.62,Cash,2026-05-05 1:00:00,COMPLETED
8822,978,4,3292.98,Card,2026-05-03 10:00:00,COMPLETED
8823,331,13,3308.92,Transfer,2026-05-03 3:00:00,CANCELLED
8824,838,2,4299.94,Cash,2026-05-07 16:00:00,PENDING
8825,116,8,716.45,Transfer,2026-05-05 9:00:00,PENDING
8826,848,15,527.6,Card,2026-05-06 4:00:00,COMPLETED
8827,120,3,2083.85,Cash,2026-05-05 19:00:00,CANCELLED
8828,556,11,3514.84,Transfer,2026-05-02 5:00:00,CANCELLED
8829,198,12,4439.97,Card,2026-05-01 12:00:00,COMPLETED
8830,291,10,3772.74,Cash,2026-05-02 5:00:00,CANCELLED
8831,447,8,4618.86,Card,2026-05-06 3:00:00,PENDING
8832,18,1,1932.7,Transfer,2026-05-06 17:00:00,PENDING
8833,377,4,3593.15,Cash,2026-05-01 18:00:00,CANCELLED
8834,653,12,4495.61,Transfer,2026-05-01 3:00:00,COMPLETED
8835,241,3,4220.78,Transfer,2026-05-05 15:00:00,COMPLETED
8836,464,14,2087.88,Card,2026-05-03 0:00:00,COMPLETED
8837,452,11,4530.89,Cash,2026-05-05 16:00:00,PENDING
8838,421,9,1416.72,Cash,2026-05-05 9:00:00,COMPLETED
8839,793,15,913.67,Transfer,2026-05-07 13:00:00,CANCELLED
8840,561,2,3687.77,Card,2026-05-07 5:00:00,PENDING
8841,946,15,4233.22,Transfer,2026-05-07 1:00:00,CANCELLED
8842,172,4,2076.54,Cash,2026-05-01 9:00:00,PENDING
8843,247,11,3458.54,Transfer,2026-05-07 3:00:00,COMPLETED
8844,445,18,4710.85,Card,2026-05-05 20:00:00,CANCELLED
8845,15,16,4988.07,Cash,2026-05-02 22:00:00,COMPLETED
8846,245,1,3727.35,Transfer,2026-05-02 10:00:00,CANCELLED
8847,87,14,1711.7,Card,2026-05-01 9:00:00,PENDING
8848,797,12,2323.15,Cash,2026-05-02 11:00:00,CANCELLED
8849,611,4,2994.26,Card,2026-05-05 16:00:00,COMPLETED
8850,466,8,4557.13,Cash,2026-05-02 17:00:00,COMPLETED
8851,932,11,874.04,Transfer,2026-05-05 18:00:00,CANCELLED
8852,438,7,4142.39,Card,2026-05-02 6:00:00,CANCELLED
8853,596,19,3019.5,Transfer,2026-05-05 6:00:00,COMPLETED
8854,334,12,3480.27,Transfer,2026-05-05 20:00:00,COMPLETED
8855,347,3,3839.99,Cash,2026-05-07 22:00:00,PENDING
8856,386,16,1383.29,Card,2026-05-02 17:00:00,PENDING
8857,343,17,4413.8,Cash,2026-05-03 11:00:00,PENDING
8858,327,18,4000.61,Cash,2026-05-05 4:00:00,CANCELLED
8859,822,2,4423.81,Cash,2026-05-02 3:00:00,PENDING
8860,204,3,3812.65,Transfer,2026-05-04 20:00:00,PENDING
8861,425,5,3713.27,Cash,2026-05-07 7:00:00,PENDING
8862,783,11,1233.99,Cash,2026-05-02 18:00:00,CANCELLED
8863,391,1,2621.1,Cash,2026-05-01 7:00:00,COMPLETED
8864,322,18,1074.67,Transfer,2026-05-07 7:00:00,COMPLETED
8865,492,9,1260.2,Transfer,2026-05-04 21:00:00,CANCELLED
8866,207,16,3980.32,Transfer,2026-05-01 7:00:00,PENDING
8867,499,8,824.78,Card,2026-05-05 3:00:00,PENDING
8868,776,11,1037.47,Transfer,2026-05-02 14:00:00,COMPLETED
8869,115,17,4405.24,Cash,2026-05-05 16:00:00,CANCELLED
8870,927,15,2518.43,Transfer,2026-05-07 2:00:00,CANCELLED
8871,823,4,1633.33,Cash,2026-05-07 16:00:00,PENDING
8872,673,14,2756.4,Card,2026-05-03 9:00:00,COMPLETED
8873,64,19,4678.94,Card,2026-05-03 6:00:00,PENDING
8874,4,11,1397.77,Cash,2026-05-03 14:00:00,CANCELLED
8875,689,8,1595.0,Cash,2026-05-02 13:00:00,PENDING
8876,727,5,935.12,Transfer,2026-05-02 9:00:00,COMPLETED
8877,99,16,744.31,Transfer,2026-05-01 23:00:00,CANCELLED
8878,24,17,811.31,Cash,2026-05-03 20:00:00,CANCELLED
8879,28,1,3937.36,Transfer,2026-05-07 23:00:00,CANCELLED
8880,572,2,3507.09,Cash,2026-05-01 12:00:00,CANCELLED
8881,632,15,3221.16,Card,2026-05-07 0:00:00,CANCELLED
8882,539,3,4956.37,Transfer,2026-05-01 16:00:00,COMPLETED
8883,778,3,4238.1,Cash,2026-05-05 8:00:00,PENDING
8884,897,19,2210.25,Transfer,2026-05-07 2:00:00,COMPLETED
8885,938,18,1953.98,Cash,2026-05-01 18:00:00,CANCELLED
8886,698,7,1558.43,Card,2026-05-06 15:00:00,PENDING
8887,431,14,3278.39,Card,2026-05-04 5:00:00,CANCELLED
8888,264,9,1145.52,Transfer,2026-05-06 18:00:00,COMPLETED
8889,744,5,4345.62,Transfer,2026-05-04 5:00:00,COMPLETED
8890,294,8,1226.82,Card,2026-05-01 13:00:00,CANCELLED
8891,117,8,3130.1,Cash,2026-05-05 4:00:00,PENDING
8892,564,6,3635.18,Transfer,2026-05-05 10:00:00,PENDING
8893,698,14,2889.57,Transfer,2026-05-03 16:00:00,CANCELLED
8894,639,8,1692.61,Transfer,2026-05-01 18:00:00,CANCELLED
8895,261,2,3354.07,Transfer,2026-05-02 20:00:00,CANCELLED
8896,930,13,4532.36,Cash,2026-05-01 10:00:00,COMPLETED
8897,157,12,1505.09,Card,2026-05-05 8:00:00,CANCELLED
8898,499,19,3849.81,Card,2026-05-01 13:00:00,COMPLETED
8899,734,12,1532.34,Transfer,2026-05-07 5:00:00,COMPLETED
8900,590,13,3548.35,Card,2026-05-05 9:00:00,CANCELLED
8901,934,14,4651.92,Transfer,2026-05-06 3:00:00,PENDING
8902,915,6,3307.31,Transfer,2026-05-06 1:00:00,CANCELLED
8903,979,3,1164.05,Card,2026-05-04 23:00:00,PENDING
8904,705,9,2659.23,Transfer,2026-05-07 3:00:00,COMPLETED
8905,330,3,649.22,Transfer,2026-05-03 10:00:00,PENDING
8906,34,12,3701.41,Card,2026-05-03 19:00:00,COMPLETED
8907,875,17,2767.38,Card,2026-05-01 22:00:00,PENDING
8908,192,19,4492.23,Transfer,2026-05-03 5:00:00,PENDING
8909,22,16,2846.56,Card,2026-05-06 13:00:00,COMPLETED
8910,157,14,717.38,Card,2026-05-05 4:00:00,COMPLETED
8911,561,15,3370.82,Transfer,2026-05-04 13:00:00,PENDING
8912,721,7,1165.98,Card,2026-05-07 14:00:00,COMPLETED
8913,918,2,3066.19,Cash,2026-05-04 21:00:00,CANCELLED
8914,520,18,2214.76,Card,2026-05-02 13:00:00,PENDING
8915,934,20,4317.03,Card,2026-05-05 20:00:00,CANCELLED
8916,549,16,3490.76,Transfer,2026-05-01 7:00:00,COMPLETED
8917,982,7,3210.32,Cash,2026-05-02 3:00:00,PENDING
8918,665,16,3769.34,Card,2026-05-06 16:00:00,CANCELLED
8919,13,16,1783.9,Card,2026-05-07 0:00:00,CANCELLED
8920,774,12,2209.66,Transfer,2026-05-05 2:00:00,CANCELLED
8921,828,11,1196.94,Card,2026-05-03 11:00:00,PENDING
8922,232,16,3857.09,Cash,2026-05-02 18:00:00,COMPLETED
8923,83,7,2054.75,Card,2026-05-01 23:00:00,CANCELLED
8924,850,13,1721.64,Cash,2026-05-01 6:00:00,PENDING
8925,850,5,875.21,Cash,2026-05-02 19:00:00,COMPLETED
8926,448,13,1631.87,Transfer,2026-05-03 16:00:00,COMPLETED
8927,14,15,4266.56,Card,2026-05-01 7:00:00,CANCELLED
8928,410,4,1216.19,Transfer,2026-05-05 10:00:00,PENDING
8929,963,20,1108.45,Cash,2026-05-04 23:00:00,CANCELLED
8930,337,14,2124.66,Card,2026-05-01 22:00:00,CANCELLED
8931,969,1,1357.32,Cash,2026-05-03 10:00:00,COMPLETED
8932,428,12,2187.81,Card,2026-05-07 6:00:00,PENDING
8933,98,6,3970.76,Card,2026-05-07 5:00:00,PENDING
8934,803,13,2907.38,Transfer,2026-05-07 6:00:00,CANCELLED
8935,404,2,2512.45,Card,2026-05-02 14:00:00,CANCELLED
8936,678,2,3305.74,Card,2026-05-02 4:00:00,CANCELLED
8937,760,17,4514.52,Card,2026-05-07 20:00:00,CANCELLED
8938,653,4,3032.29,Transfer,2026-05-04 17:00:00,CANCELLED
8939,244,14,3605.92,Cash,2026-05-02 17:00:00,PENDING
8940,277,2,4661.93,Cash,2026-05-02 9:00:00,PENDING
8941,765,17,3489.0,Card,2026-05-03 1:00:00,PENDING
8942,509,13,3689.51,Card,2026-05-06 20:00:00,COMPLETED
8943,887,1,4932.12,Card,2026-05-02 9:00:00,PENDING
8944,92,13,4792.99,Cash,2026-05-06 21:00:00,PENDING
8945,953,2,3030.24,Cash,2026-05-05 15:00:00,CANCELLED
8946,443,6,2652.84,Cash,2026-05-02 5:00:00,COMPLETED
8947,18,4,2854.98,Cash,2026-05-05 6:00:00,COMPLETED
8948,874,13,2624.0,Transfer,2026-05-01 7:00:00,CANCELLED
8949,556,7,1130.7,Card,2026-05-06 6:00:00,PENDING
8950,982,16,2142.37,Card,2026-05-03 16:00:00,COMPLETED
8951,637,9,1967.25,Card,2026-05-07 9:00:00,CANCELLED
8952,88,13,1353.7,Card,2026-05-07 4:00:00,CANCELLED
8953,151,14,3327.41,Transfer,2026-05-01 9:00:00,PENDING
8954,50,20,3592.67,Transfer,2026-05-05 17:00:00,PENDING
8955,445,4,3649.7,Cash,2026-05-04 6:00:00,COMPLETED
8956,679,2,1974.22,Card,2026-05-04 20:00:00,PENDING
8957,830,3,2066.2,Transfer,2026-05-05 15:00:00,COMPLETED
8958,80,20,3406.63,Transfer,2026-05-06 10:00:00,PENDING
8959,142,4,4140.74,Transfer,2026-05-02 21:00:00,COMPLETED
8960,938,1,1480.2,Cash,2026-05-02 19:00:00,COMPLETED
8961,930,11,2916.07,Transfer,2026-05-04 12:00:00,CANCELLED
8962,164,5,1330.31,Transfer,2026-05-01 18:00:00,CANCELLED
8963,378,6,2700.03,Transfer,2026-05-05 9:00:00,PENDING
8964,646,20,3985.52,Card,2026-05-04 2:00:00,PENDING
8965,670,6,986.59,Transfer,2026-05-01 15:00:00,COMPLETED
8966,119,4,4844.54,Transfer,2026-05-03 2:00:00,PENDING
8967,150,2,4838.72,Cash,2026-05-06 18:00:00,CANCELLED
8968,508,12,4632.19,Transfer,2026-05-02 2:00:00,COMPLETED
8969,919,18,1862.07,Cash,2026-05-01 1:00:00,CANCELLED
8970,889,9,1021.23,Card,2026-05-02 23:00:00,PENDING
8971,710,5,2435.28,Card,2026-05-01 20:00:00,CANCELLED
8972,497,18,2357.5,Card,2026-05-04 5:00:00,PENDING
8973,918,2,1797.87,Card,2026-05-04 5:00:00,PENDING
8974,614,16,3526.68,Card,2026-05-06 5:00:00,PENDING
8975,304,8,3648.96,Transfer,2026-05-07 19:00:00,PENDING
8976,716,20,1379.34,Card,2026-05-04 15:00:00,CANCELLED
8977,994,11,1283.24,Cash,2026-05-07 2:00:00,CANCELLED
8978,693,20,3653.86,Transfer,2026-05-05 6:00:00,CANCELLED
8979,758,9,1134.33,Cash,2026-05-02 17:00:00,CANCELLED
8980,340,16,4328.99,Transfer,2026-05-02 21:00:00,COMPLETED
8981,205,3,1168.85,Cash,2026-05-06 0:00:00,PENDING
8982,886,14,3617.33,Card,2026-05-07 7:00:00,COMPLETED
8983,73,11,3016.92,Cash,2026-05-05 7:00:00,PENDING
8984,574,11,1182.9,Transfer,2026-05-01 12:00:00,PENDING
8985,229,19,3459.83,Cash,2026-05-05 17:00:00,CANCELLED
8986,785,3,3703.69,Transfer,2026-05-04 22:00:00,PENDING
8987,4,12,2887.18,Transfer,2026-05-03 14:00:00,PENDING
8988,535,17,1017.07,Transfer,2026-05-07 23:00:00,PENDING
8989,483,16,3189.83,Card,2026-05-07 16:00:00,COMPLETED
8990,417,9,2313.77,Card,2026-05-03 1:00:00,COMPLETED
8991,367,3,3318.93,Transfer,2026-05-04 23:00:00,CANCELLED
8992,661,10,1744.78,Transfer,2026-05-05 15:00:00,PENDING
8993,349,11,4469.54,Card,2026-05-05 6:00:00,CANCELLED
8994,819,5,1923.09,Transfer,2026-05-01 11:00:00,COMPLETED
8995,194,17,781.46,Card,2026-05-03 11:00:00,CANCELLED
8996,394,1,2130.69,Transfer,2026-05-04 12:00:00,PENDING
8997,712,10,2456.0,Transfer,2026-05-07 15:00:00,CANCELLED
8998,527,8,2970.22,Transfer,2026-05-07 17:00:00,COMPLETED
8999,2,3,3297.4,Transfer,2026-05-06 11:00:00,COMPLETED
9000,216,5,2421.5,Transfer,2026-05-01 13:00:00,CANCELLED
9001,330,17,4626.8,Card,2026-05-02 10:00:00,COMPLETED
9002,241,13,3343.09,Transfer,2026-05-05 20:00:00,PENDING
9003,645,17,4091.57,Card,2026-05-06 2:00:00,CANCELLED
9004,189,7,2159.64,Card,2026-05-07 9:00:00,COMPLETED
9005,521,4,3341.55,Card,2026-05-03 13:00:00,CANCELLED
9006,485,4,2332.53,Cash,2026-05-07 14:00:00,PENDING
9007,911,10,4494.4,Transfer,2026-05-05 2:00:00,CANCELLED
9008,765,8,2811.85,Cash,2026-05-03 7:00:00,PENDING
9009,831,7,2570.1,Card,2026-05-07 21:00:00,COMPLETED
9010,838,19,1312.34,Transfer,2026-05-06 9:00:00,COMPLETED
9011,600,11,4530.7,Cash,2026-05-01 23:00:00,COMPLETED
9012,72,14,1581.2,Cash,2026-05-03 21:00:00,CANCELLED
9013,661,12,4527.84,Cash,2026-05-02 23:00:00,COMPLETED
9014,417,10,1230.24,Cash,2026-05-07 22:00:00,PENDING
9015,231,10,1192.11,Transfer,2026-05-03 5:00:00,PENDING
9016,795,16,2103.31,Card,2026-05-01 20:00:00,COMPLETED
9017,922,19,2425.07,Card,2026-05-04 13:00:00,PENDING
9018,277,9,4460.35,Cash,2026-05-03 9:00:00,PENDING
9019,566,9,771.74,Transfer,2026-05-03 8:00:00,CANCELLED
9020,446,13,2088.96,Cash,2026-05-01 7:00:00,CANCELLED
9021,97,7,2671.79,Transfer,2026-05-07 7:00:00,COMPLETED
9022,113,1,4288.67,Card,2026-05-01 9:00:00,COMPLETED
9023,113,3,4556.33,Cash,2026-05-06 11:00:00,PENDING
9024,501,4,3422.03,Cash,2026-05-04 2:00:00,PENDING
9025,588,12,3144.41,Transfer,2026-05-05 17:00:00,PENDING
9026,864,16,4890.77,Card,2026-05-06 4:00:00,COMPLETED
9027,504,17,3031.25,Transfer,2026-05-03 23:00:00,COMPLETED
9028,106,15,2912.07,Cash,2026-05-03 10:00:00,PENDING
9029,961,17,530.77,Card,2026-05-05 22:00:00,CANCELLED
9030,625,13,4752.94,Card,2026-05-01 20:00:00,CANCELLED
9031,362,1,931.91,Transfer,2026-05-07 8:00:00,CANCELLED
9032,16,18,2945.26,Transfer,2026-05-04 22:00:00,PENDING
9033,112,6,3111.33,Cash,2026-05-01 12:00:00,CANCELLED
9034,979,1,1947.23,Card,2026-05-03 1:00:00,CANCELLED
9035,99,6,3037.62,Cash,2026-05-07 22:00:00,COMPLETED
9036,620,9,4034.77,Card,2026-05-02 0:00:00,PENDING
9037,325,10,3892.18,Card,2026-05-06 10:00:00,PENDING
9038,171,9,2396.92,Cash,2026-05-01 9:00:00,PENDING
9039,483,16,920.95,Transfer,2026-05-04 12:00:00,CANCELLED
9040,643,4,3690.93,Transfer,2026-05-05 6:00:00,CANCELLED
9041,431,7,1293.55,Card,2026-05-07 10:00:00,CANCELLED
9042,382,12,3525.09,Transfer,2026-05-04 1:00:00,CANCELLED
9043,48,18,1488.23,Card,2026-05-05 1:00:00,PENDING
9044,335,14,3258.2,Card,2026-05-04 9:00:00,CANCELLED
9045,121,5,4826.58,Cash,2026-05-07 5:00:00,CANCELLED
9046,661,1,4593.24,Card,2026-05-01 17:00:00,CANCELLED
9047,102,7,2526.63,Transfer,2026-05-03 0:00:00,CANCELLED
9048,355,11,1663.47,Cash,2026-05-07 12:00:00,PENDING
9049,703,7,1893.73,Card,2026-05-03 10:00:00,COMPLETED
9050,821,10,4957.33,Transfer,2026-05-01 2:00:00,PENDING
9051,603,7,3240.99,Cash,2026-05-07 17:00:00,CANCELLED
9052,172,9,1837.37,Cash,2026-05-06 5:00:00,PENDING
9053,121,18,2749.29,Transfer,2026-05-05 23:00:00,CANCELLED
9054,537,17,2980.39,Cash,2026-05-05 5:00:00,COMPLETED
9055,625,17,3551.4,Cash,2026-05-05 12:00:00,COMPLETED
9056,194,7,911.52,Card,2026-05-01 16:00:00,CANCELLED
9057,497,16,3205.16,Transfer,2026-05-04 4:00:00,COMPLETED
9058,327,2,4895.89,Card,2026-05-04 9:00:00,PENDING
9059,946,20,2308.48,Transfer,2026-05-01 7:00:00,PENDING
9060,644,16,2110.99,Cash,2026-05-03 20:00:00,CANCELLED
9061,691,5,1142.73,Card,2026-05-03 13:00:00,COMPLETED
9062,220,6,3425.2,Card,2026-05-03 23:00:00,PENDING
9063,491,8,2468.92,Cash,2026-05-02 14:00:00,COMPLETED
9064,9,12,1003.27,Transfer,2026-05-07 11:00:00,COMPLETED
9065,937,9,4080.14,Transfer,2026-05-03 20:00:00,COMPLETED
9066,152,12,2930.99,Cash,2026-05-07 8:00:00,COMPLETED
9067,40,1,3802.43,Card,2026-05-04 0:00:00,CANCELLED
9068,160,19,1251.7,Cash,2026-05-04 8:00:00,COMPLETED
9069,883,4,1996.95,Card,2026-05-03 18:00:00,COMPLETED
9070,505,10,2375.97,Transfer,2026-05-04 13:00:00,COMPLETED
9071,223,2,1705.0,Transfer,2026-05-01 2:00:00,COMPLETED
9072,297,6,1773.84,Card,2026-05-03 16:00:00,PENDING
9073,127,18,3704.94,Cash,2026-05-06 21:00:00,PENDING
9074,859,9,4432.24,Card,2026-05-01 6:00:00,COMPLETED
9075,973,19,1342.61,Card,2026-05-04 12:00:00,PENDING
9076,472,6,3134.68,Cash,2026-05-02 14:00:00,COMPLETED
9077,602,1,1107.02,Card,2026-05-05 4:00:00,PENDING
9078,788,19,633.89,Cash,2026-05-04 2:00:00,COMPLETED
9079,11,3,4742.57,Cash,2026-05-07 13:00:00,CANCELLED
9080,320,15,2412.48,Cash,2026-05-05 12:00:00,PENDING
9081,734,9,2957.41,Card,2026-05-07 13:00:00,PENDING
9082,266,19,2726.91,Transfer,2026-05-01 23:00:00,COMPLETED
9083,210,10,729.08,Transfer,2026-05-06 23:00:00,COMPLETED
9084,705,2,3608.54,Cash,2026-05-05 18:00:00,PENDING
9085,280,17,4025.37,Transfer,2026-05-02 16:00:00,COMPLETED
9086,855,10,1260.05,Card,2026-05-04 1:00:00,PENDING
9087,227,16,3213.4,Transfer,2026-05-07 11:00:00,PENDING
9088,105,11,793.08,Transfer,2026-05-02 7:00:00,PENDING
9089,877,9,2474.24,Card,2026-05-03 7:00:00,PENDING
9090,5,2,2201.27,Cash,2026-05-02 21:00:00,CANCELLED
9091,771,11,3437.8,Cash,2026-05-01 15:00:00,CANCELLED
9092,665,11,2471.78,Transfer,2026-05-06 7:00:00,COMPLETED
9093,425,3,1757.7,Cash,2026-05-04 10:00:00,COMPLETED
9094,143,17,3203.83,Transfer,2026-05-06 13:00:00,PENDING
9095,436,15,4851.34,Transfer,2026-05-06 20:00:00,CANCELLED
9096,269,6,4796.16,Cash,2026-05-01 22:00:00,PENDING
9097,910,9,1680.2,Card,2026-05-02 1:00:00,CANCELLED
9098,994,13,4555.37,Cash,2026-05-05 2:00:00,COMPLETED
9099,146,4,1908.92,Cash,2026-05-04 8:00:00,PENDING
9100,187,8,4146.72,Transfer,2026-05-06 13:00:00,CANCELLED
9101,411,8,1923.05,Card,2026-05-07 4:00:00,COMPLETED
9102,194,2,3874.91,Card,2026-05-03 19:00:00,COMPLETED
9103,8,13,2613.37,Card,2026-05-03 10:00:00,PENDING
9104,790,4,1981.78,Transfer,2026-05-03 23:00:00,PENDING
9105,947,18,2564.78,Cash,2026-05-05 18:00:00,COMPLETED
9106,968,6,4918.52,Transfer,2026-05-01 17:00:00,COMPLETED
9107,784,9,1357.75,Transfer,2026-05-07 1:00:00,COMPLETED
9108,3,12,2927.61,Cash,2026-05-07 4:00:00,CANCELLED
9109,85,10,1900.6,Card,2026-05-07 22:00:00,CANCELLED
9110,566,16,2589.77,Cash,2026-05-02 0:00:00,COMPLETED
9111,994,19,4632.62,Transfer,2026-05-02 9:00:00,COMPLETED
9112,876,13,503.29,Transfer,2026-05-05 17:00:00,PENDING
9113,648,7,695.15,Card,2026-05-07 12:00:00,COMPLETED
9114,920,11,4574.83,Transfer,2026-05-03 18:00:00,CANCELLED
9115,827,2,2382.86,Transfer,2026-05-07 7:00:00,PENDING
9116,411,19,2380.7,Transfer,2026-05-03 3:00:00,CANCELLED
9117,150,17,2144.8,Transfer,2026-05-04 17:00:00,PENDING
9118,227,8,916.25,Card,2026-05-01 19:00:00,CANCELLED
9119,283,2,2386.85,Card,2026-05-02 21:00:00,CANCELLED
9120,58,8,2737.65,Card,2026-05-02 0:00:00,PENDING
9121,826,14,3265.87,Transfer,2026-05-02 15:00:00,COMPLETED
9122,81,4,4620.48,Transfer,2026-05-02 9:00:00,CANCELLED
9123,424,14,2928.13,Transfer,2026-05-07 15:00:00,PENDING
9124,689,8,3958.32,Cash,2026-05-07 9:00:00,CANCELLED
9125,137,7,2519.48,Card,2026-05-07 17:00:00,COMPLETED
9126,676,20,3241.69,Card,2026-05-01 21:00:00,CANCELLED
9127,845,11,4978.36,Card,2026-05-02 3:00:00,CANCELLED
9128,895,5,1592.36,Card,2026-05-01 11:00:00,PENDING
9129,118,13,3316.41,Card,2026-05-07 10:00:00,COMPLETED
9130,367,18,4305.17,Transfer,2026-05-05 16:00:00,COMPLETED
9131,573,15,1638.03,Cash,2026-05-01 20:00:00,COMPLETED
9132,633,2,1091.03,Transfer,2026-05-06 22:00:00,CANCELLED
9133,674,6,4760.61,Transfer,2026-05-05 6:00:00,PENDING
9134,609,19,3237.94,Cash,2026-05-05 20:00:00,CANCELLED
9135,584,3,541.82,Card,2026-05-02 21:00:00,PENDING
9136,69,12,3130.53,Card,2026-05-04 16:00:00,CANCELLED
9137,991,3,1644.68,Transfer,2026-05-05 6:00:00,COMPLETED
9138,955,8,2828.1,Cash,2026-05-03 16:00:00,PENDING
9139,709,10,799.21,Cash,2026-05-06 4:00:00,CANCELLED
9140,206,4,829.02,Card,2026-05-03 2:00:00,CANCELLED
9141,890,9,4106.79,Card,2026-05-03 9:00:00,COMPLETED
9142,683,2,1390.03,Cash,2026-05-06 8:00:00,PENDING
9143,853,17,3080.96,Cash,2026-05-02 22:00:00,PENDING
9144,915,17,1359.57,Cash,2026-05-03 21:00:00,COMPLETED
9145,33,15,3948.42,Cash,2026-05-03 14:00:00,PENDING
9146,733,13,2357.97,Cash,2026-05-03 18:00:00,CANCELLED
9147,337,11,4263.34,Card,2026-05-03 1:00:00,COMPLETED
9148,835,6,3837.03,Transfer,2026-05-04 4:00:00,CANCELLED
9149,999,1,4352.34,Transfer,2026-05-06 23:00:00,CANCELLED
9150,276,14,749.78,Card,2026-05-04 0:00:00,CANCELLED
9151,745,20,897.63,Cash,2026-05-07 4:00:00,COMPLETED
9152,252,14,2698.37,Transfer,2026-05-02 4:00:00,CANCELLED
9153,110,14,1183.73,Cash,2026-05-05 15:00:00,PENDING
9154,274,20,1244.0,Cash,2026-05-02 16:00:00,CANCELLED
9155,659,13,1311.62,Cash,2026-05-05 1:00:00,CANCELLED
9156,954,3,4761.28,Transfer,2026-05-07 7:00:00,CANCELLED
9157,380,14,1813.77,Cash,2026-05-01 4:00:00,COMPLETED
9158,827,3,1782.28,Transfer,2026-05-01 3:00:00,COMPLETED
9159,879,7,1557.67,Card,2026-05-04 18:00:00,CANCELLED
9160,2,15,3478.91,Card,2026-05-03 18:00:00,CANCELLED
9161,666,6,2751.32,Card,2026-05-06 10:00:00,PENDING
9162,337,3,3420.1,Transfer,2026-05-01 9:00:00,PENDING
9163,554,3,1868.29,Transfer,2026-05-01 11:00:00,CANCELLED
9164,943,9,3352.92,Transfer,2026-05-01 23:00:00,COMPLETED
9165,429,17,3810.81,Transfer,2026-05-03 13:00:00,CANCELLED
9166,900,1,3439.09,Transfer,2026-05-02 9:00:00,CANCELLED
9167,368,7,2981.53,Cash,2026-05-05 19:00:00,CANCELLED
9168,506,16,2207.51,Transfer,2026-05-07 14:00:00,PENDING
9169,201,6,2582.71,Cash,2026-05-01 10:00:00,COMPLETED
9170,250,13,2033.34,Cash,2026-05-06 20:00:00,PENDING
9171,186,18,3344.48,Cash,2026-05-03 8:00:00,PENDING
9172,313,9,1948.36,Card,2026-05-06 6:00:00,PENDING
9173,267,11,3988.74,Transfer,2026-05-04 0:00:00,CANCELLED
9174,518,14,3251.72,Cash,2026-05-06 19:00:00,COMPLETED
9175,309,18,1967.63,Cash,2026-05-03 19:00:00,COMPLETED
9176,74,13,789.43,Cash,2026-05-03 7:00:00,PENDING
9177,326,7,3139.56,Cash,2026-05-03 5:00:00,CANCELLED
9178,463,20,1101.84,Transfer,2026-05-07 20:00:00,COMPLETED
9179,271,8,901.85,Transfer,2026-05-06 9:00:00,PENDING
9180,361,1,1416.02,Card,2026-05-05 17:00:00,CANCELLED
9181,905,1,2201.47,Card,2026-05-05 13:00:00,PENDING
9182,482,4,1127.42,Cash,2026-05-07 5:00:00,CANCELLED
9183,780,8,1184.33,Cash,2026-05-02 7:00:00,COMPLETED
9184,318,2,4113.82,Transfer,2026-05-06 11:00:00,CANCELLED
9185,288,10,3909.26,Card,2026-05-07 15:00:00,PENDING
9186,588,15,3044.83,Transfer,2026-05-03 6:00:00,COMPLETED
9187,195,7,1876.68,Cash,2026-05-05 21:00:00,CANCELLED
9188,144,7,3588.15,Cash,2026-05-02 22:00:00,CANCELLED
9189,977,11,1678.65,Cash,2026-05-02 18:00:00,COMPLETED
9190,547,9,4474.02,Cash,2026-05-01 11:00:00,PENDING
9191,587,13,933.04,Card,2026-05-03 18:00:00,COMPLETED
9192,36,5,3667.73,Cash,2026-05-07 16:00:00,COMPLETED
9193,406,2,3332.21,Cash,2026-05-07 2:00:00,CANCELLED
9194,778,19,2162.71,Cash,2026-05-03 14:00:00,PENDING
9195,497,2,2612.53,Cash,2026-05-05 6:00:00,COMPLETED
9196,92,5,1838.06,Cash,2026-05-07 17:00:00,COMPLETED
9197,108,1,3198.92,Card,2026-05-07 15:00:00,CANCELLED
9198,726,19,2284.28,Transfer,2026-05-05 21:00:00,CANCELLED
9199,758,7,3941.41,Cash,2026-05-03 13:00:00,COMPLETED
9200,929,6,618.0,Cash,2026-05-05 1:00:00,CANCELLED
9201,594,18,3999.92,Cash,2026-05-01 17:00:00,PENDING
9202,582,16,529.71,Cash,2026-05-01 7:00:00,CANCELLED
9203,73,13,3503.08,Card,2026-05-05 13:00:00,COMPLETED
9204,349,9,1217.63,Card,2026-05-05 19:00:00,CANCELLED
9205,666,6,2129.64,Transfer,2026-05-01 6:00:00,CANCELLED
9206,480,14,1490.8,Cash,2026-05-06 4:00:00,COMPLETED
9207,15,14,3689.02,Cash,2026-05-03 16:00:00,COMPLETED
9208,505,11,2747.91,Cash,2026-05-03 0:00:00,COMPLETED
9209,288,2,4795.31,Cash,2026-05-02 14:00:00,CANCELLED
9210,285,5,4168.58,Cash,2026-05-05 13:00:00,PENDING
9211,232,2,2445.22,Card,2026-05-03 15:00:00,COMPLETED
9212,63,5,1720.42,Card,2026-05-02 10:00:00,COMPLETED
9213,666,19,4396.52,Cash,2026-05-06 22:00:00,PENDING
9214,247,1,3641.09,Card,2026-05-04 9:00:00,COMPLETED
9215,593,2,4339.4,Cash,2026-05-06 14:00:00,CANCELLED
9216,407,10,3569.13,Cash,2026-05-04 3:00:00,PENDING
9217,779,3,2684.34,Transfer,2026-05-06 7:00:00,COMPLETED
9218,916,18,1674.45,Card,2026-05-05 18:00:00,PENDING
9219,365,16,3622.93,Card,2026-05-02 8:00:00,CANCELLED
9220,432,19,2032.89,Transfer,2026-05-01 13:00:00,CANCELLED
9221,550,1,1292.91,Transfer,2026-05-01 23:00:00,PENDING
9222,749,5,1027.97,Transfer,2026-05-07 13:00:00,CANCELLED
9223,793,8,1053.58,Cash,2026-05-05 0:00:00,COMPLETED
9224,123,17,1430.94,Card,2026-05-05 15:00:00,CANCELLED
9225,157,12,4904.92,Card,2026-05-03 21:00:00,CANCELLED
9226,353,1,1559.69,Cash,2026-05-03 7:00:00,COMPLETED
9227,390,13,1009.87,Cash,2026-05-05 21:00:00,CANCELLED
9228,883,3,1232.77,Transfer,2026-05-04 20:00:00,PENDING
9229,716,1,3222.83,Card,2026-05-02 22:00:00,CANCELLED
9230,977,6,1748.27,Card,2026-05-06 19:00:00,PENDING
9231,696,5,3601.86,Cash,2026-05-02 6:00:00,COMPLETED
9232,345,8,1862.3,Transfer,2026-05-07 11:00:00,PENDING
9233,217,17,4326.08,Card,2026-05-03 19:00:00,CANCELLED
9234,640,11,2129.11,Card,2026-05-02 2:00:00,COMPLETED
9235,385,15,2317.57,Card,2026-05-04 21:00:00,PENDING
9236,740,13,1361.35,Cash,2026-05-05 5:00:00,PENDING
9237,209,18,4978.38,Transfer,2026-05-05 7:00:00,CANCELLED
9238,207,1,1263.49,Card,2026-05-06 21:00:00,COMPLETED
9239,440,16,2880.84,Cash,2026-05-04 18:00:00,COMPLETED
9240,795,7,4621.21,Card,2026-05-03 18:00:00,PENDING
9241,473,14,1703.82,Cash,2026-05-05 18:00:00,PENDING
9242,320,5,3995.42,Card,2026-05-02 20:00:00,COMPLETED
9243,522,1,2057.95,Card,2026-05-06 1:00:00,PENDING
9244,409,18,4720.11,Transfer,2026-05-02 7:00:00,CANCELLED
9245,711,17,1239.43,Card,2026-05-03 8:00:00,CANCELLED
9246,532,9,2064.72,Transfer,2026-05-07 10:00:00,CANCELLED
9247,462,1,2853.77,Cash,2026-05-07 6:00:00,CANCELLED
9248,55,5,1712.35,Cash,2026-05-07 5:00:00,PENDING
9249,780,1,4092.56,Transfer,2026-05-04 20:00:00,COMPLETED
9250,219,19,2981.43,Cash,2026-05-07 6:00:00,COMPLETED
9251,405,18,3119.94,Card,2026-05-05 5:00:00,COMPLETED
9252,132,6,3077.81,Transfer,2026-05-05 21:00:00,PENDING
9253,363,17,4687.97,Cash,2026-05-07 4:00:00,CANCELLED
9254,244,6,3126.25,Transfer,2026-05-02 6:00:00,COMPLETED
9255,528,2,2871.22,Transfer,2026-05-03 16:00:00,COMPLETED
9256,562,4,1891.7,Cash,2026-05-04 13:00:00,COMPLETED
9257,463,10,1759.36,Card,2026-05-01 15:00:00,COMPLETED
9258,657,10,4848.69,Transfer,2026-05-01 14:00:00,PENDING
9259,528,10,1276.41,Transfer,2026-05-01 11:00:00,PENDING
9260,788,15,4132.8,Cash,2026-05-05 8:00:00,CANCELLED
9261,85,7,1278.75,Card,2026-05-02 4:00:00,COMPLETED
9262,665,12,4900.33,Cash,2026-05-01 21:00:00,COMPLETED
9263,62,12,1264.8,Cash,2026-05-04 2:00:00,PENDING
9264,494,9,595.69,Cash,2026-05-07 2:00:00,COMPLETED
9265,535,3,3938.85,Cash,2026-05-06 18:00:00,PENDING
9266,345,18,3832.75,Card,2026-05-07 13:00:00,COMPLETED
9267,748,7,1925.4,Card,2026-05-05 11:00:00,COMPLETED
9268,664,20,2251.94,Cash,2026-05-06 8:00:00,COMPLETED
9269,425,20,2423.79,Transfer,2026-05-03 19:00:00,PENDING
9270,125,11,2262.11,Card,2026-05-03 17:00:00,CANCELLED
9271,694,12,2461.2,Card,2026-05-06 21:00:00,PENDING
9272,831,15,3875.81,Cash,2026-05-02 3:00:00,PENDING
9273,339,5,2485.96,Transfer,2026-05-03 20:00:00,COMPLETED
9274,751,7,1344.51,Transfer,2026-05-01 7:00:00,CANCELLED
9275,382,16,4387.65,Card,2026-05-01 21:00:00,COMPLETED
9276,486,17,549.05,Card,2026-05-07 19:00:00,CANCELLED
9277,887,9,4979.99,Card,2026-05-06 4:00:00,COMPLETED
9278,202,5,2225.02,Transfer,2026-05-03 17:00:00,COMPLETED
9279,534,18,2793.89,Cash,2026-05-03 9:00:00,COMPLETED
9280,245,7,1670.31,Transfer,2026-05-05 18:00:00,CANCELLED
9281,359,6,1756.0,Card,2026-05-02 5:00:00,PENDING
9282,203,6,3447.09,Cash,2026-05-05 20:00:00,COMPLETED
9283,468,9,2501.42,Card,2026-05-04 8:00:00,CANCELLED
9284,282,3,3837.91,Transfer,2026-05-03 9:00:00,COMPLETED
9285,211,1,2907.88,Cash,2026-05-04 20:00:00,COMPLETED
9286,86,10,2388.08,Card,2026-05-07 15:00:00,CANCELLED
9287,141,16,4715.28,Transfer,2026-05-02 16:00:00,PENDING
9288,629,5,2896.47,Transfer,2026-05-07 11:00:00,COMPLETED
9289,959,20,1540.74,Cash,2026-05-05 2:00:00,COMPLETED
9290,639,17,4013.6,Cash,2026-05-02 7:00:00,PENDING
9291,316,11,3474.83,Transfer,2026-05-02 2:00:00,PENDING
9292,421,10,2271.61,Cash,2026-05-06 9:00:00,PENDING
9293,401,17,3673.64,Transfer,2026-05-03 14:00:00,COMPLETED
9294,973,9,3797.89,Transfer,2026-05-01 16:00:00,PENDING
9295,28,7,1633.89,Transfer,2026-05-06 12:00:00,CANCELLED
9296,48,1,3598.74,Transfer,2026-05-01 17:00:00,PENDING
9297,525,12,4981.68,Card,2026-05-03 13:00:00,COMPLETED
9298,396,20,4472.86,Cash,2026-05-05 15:00:00,COMPLETED
9299,548,15,4960.06,Card,2026-05-02 10:00:00,CANCELLED
9300,464,9,1346.39,Cash,2026-05-06 12:00:00,PENDING
9301,782,6,2106.84,Cash,2026-05-07 23:00:00,COMPLETED
9302,377,20,1624.56,Transfer,2026-05-02 18:00:00,CANCELLED
9303,411,18,4175.34,Cash,2026-05-05 6:00:00,CANCELLED
9304,822,15,3707.24,Card,2026-05-07 23:00:00,COMPLETED
9305,989,7,2069.01,Cash,2026-05-01 5:00:00,PENDING
9306,729,19,2720.19,Transfer,2026-05-05 4:00:00,COMPLETED
9307,538,3,1986.55,Cash,2026-05-01 10:00:00,COMPLETED
9308,812,6,2832.39,Cash,2026-05-03 5:00:00,CANCELLED
9309,773,4,1632.01,Cash,2026-05-03 5:00:00,COMPLETED
9310,234,2,3653.09,Transfer,2026-05-06 17:00:00,PENDING
9311,565,8,4279.42,Cash,2026-05-02 6:00:00,PENDING
9312,924,2,3623.24,Transfer,2026-05-02 8:00:00,COMPLETED
9313,606,3,3397.35,Card,2026-05-05 20:00:00,COMPLETED
9314,578,13,1378.17,Cash,2026-05-07 13:00:00,PENDING
9315,771,18,4559.45,Transfer,2026-05-03 6:00:00,PENDING
9316,598,10,4801.87,Cash,2026-05-02 18:00:00,PENDING
9317,153,13,635.06,Transfer,2026-05-06 9:00:00,CANCELLED
9318,142,16,4530.84,Cash,2026-05-05 17:00:00,CANCELLED
9319,499,6,3878.84,Cash,2026-05-06 6:00:00,CANCELLED
9320,206,3,4554.36,Transfer,2026-05-03 18:00:00,COMPLETED
9321,416,15,1623.9,Card,2026-05-06 11:00:00,COMPLETED
9322,73,5,3822.26,Cash,2026-05-01 16:00:00,CANCELLED
9323,947,14,4459.6,Transfer,2026-05-03 2:00:00,PENDING
9324,277,3,3249.45,Cash,2026-05-04 17:00:00,CANCELLED
9325,732,11,3088.07,Card,2026-05-03 4:00:00,COMPLETED
9326,365,15,2597.06,Card,2026-05-07 0:00:00,PENDING
9327,906,5,2770.26,Cash,2026-05-01 20:00:00,COMPLETED
9328,648,18,4714.24,Transfer,2026-05-05 20:00:00,COMPLETED
9329,300,8,1540.31,Transfer,2026-05-02 15:00:00,COMPLETED
9330,372,13,4112.39,Card,2026-05-04 10:00:00,PENDING
9331,299,18,4881.51,Transfer,2026-05-04 0:00:00,PENDING
9332,319,1,2776.86,Card,2026-05-06 11:00:00,PENDING
9333,157,4,4465.31,Card,2026-05-04 4:00:00,PENDING
9334,105,18,2006.06,Transfer,2026-05-01 22:00:00,PENDING
9335,908,10,1610.23,Cash,2026-05-07 19:00:00,COMPLETED
9336,638,9,1599.08,Transfer,2026-05-05 10:00:00,COMPLETED
9337,453,1,3404.93,Transfer,2026-05-02 19:00:00,CANCELLED
9338,304,15,1690.21,Cash,2026-05-06 2:00:00,PENDING
9339,843,6,4187.16,Cash,2026-05-02 3:00:00,PENDING
9340,92,13,2589.51,Cash,2026-05-05 11:00:00,COMPLETED
9341,56,13,4598.42,Transfer,2026-05-03 14:00:00,CANCELLED
9342,998,19,4435.46,Transfer,2026-05-06 12:00:00,COMPLETED
9343,939,1,4658.22,Card,2026-05-05 10:00:00,PENDING
9344,176,7,1541.37,Card,2026-05-06 21:00:00,CANCELLED
9345,277,8,4921.86,Card,2026-05-03 18:00:00,CANCELLED
9346,198,2,775.11,Transfer,2026-05-01 17:00:00,CANCELLED
9347,579,17,3479.96,Card,2026-05-05 16:00:00,CANCELLED
9348,865,18,4548.04,Card,2026-05-01 5:00:00,COMPLETED
9349,496,14,4016.11,Cash,2026-05-03 12:00:00,PENDING
9350,657,7,1399.55,Card,2026-05-03 16:00:00,CANCELLED
9351,867,13,3147.7,Transfer,2026-05-06 2:00:00,COMPLETED
9352,942,16,672.88,Card,2026-05-04 4:00:00,CANCELLED
9353,138,12,1406.56,Transfer,2026-05-02 15:00:00,CANCELLED
9354,267,11,1160.82,Card,2026-05-06 17:00:00,PENDING
9355,52,6,3758.72,Cash,2026-05-06 23:00:00,COMPLETED
9356,149,2,4780.83,Cash,2026-05-05 9:00:00,CANCELLED
9357,728,11,2989.58,Cash,2026-05-03 14:00:00,CANCELLED
9358,76,20,2370.47,Cash,2026-05-05 20:00:00,PENDING
9359,28,12,3224.52,Cash,2026-05-02 21:00:00,PENDING
9360,342,13,2844.23,Transfer,2026-05-04 17:00:00,CANCELLED
9361,582,14,1667.77,Card,2026-05-03 5:00:00,CANCELLED
9362,56,4,2489.15,Cash,2026-05-01 17:00:00,CANCELLED
9363,494,18,3939.2,Transfer,2026-05-02 7:00:00,PENDING
9364,841,2,3136.61,Cash,2026-05-07 23:00:00,CANCELLED
9365,788,8,1036.99,Cash,2026-05-03 16:00:00,PENDING
9366,387,4,583.26,Transfer,2026-05-05 21:00:00,CANCELLED
9367,919,1,897.72,Cash,2026-05-07 7:00:00,COMPLETED
9368,314,9,3057.93,Card,2026-05-04 20:00:00,PENDING
9369,201,1,3240.38,Cash,2026-05-01 23:00:00,CANCELLED
9370,693,3,4438.48,Card,2026-05-07 0:00:00,COMPLETED
9371,759,11,1732.92,Card,2026-05-02 17:00:00,COMPLETED
9372,371,2,2469.68,Cash,2026-05-05 12:00:00,COMPLETED
9373,936,4,1127.47,Transfer,2026-05-01 6:00:00,PENDING
9374,457,20,4501.99,Card,2026-05-03 12:00:00,CANCELLED
9375,58,10,1421.0,Card,2026-05-07 20:00:00,COMPLETED
9376,75,20,1609.99,Cash,2026-05-06 6:00:00,COMPLETED
9377,286,10,2117.73,Transfer,2026-05-02 4:00:00,PENDING
9378,149,9,3344.05,Card,2026-05-07 7:00:00,COMPLETED
9379,261,1,2604.82,Cash,2026-05-05 16:00:00,PENDING
9380,700,9,1120.69,Card,2026-05-06 3:00:00,PENDING
9381,475,4,4537.22,Cash,2026-05-04 7:00:00,COMPLETED
9382,705,17,897.21,Card,2026-05-05 20:00:00,CANCELLED
9383,379,5,4949.46,Cash,2026-05-01 11:00:00,PENDING
9384,578,3,1162.82,Transfer,2026-05-07 17:00:00,CANCELLED
9385,833,5,3271.97,Cash,2026-05-03 3:00:00,PENDING
9386,94,11,2594.87,Transfer,2026-05-03 6:00:00,CANCELLED
9387,530,6,3957.93,Transfer,2026-05-06 13:00:00,CANCELLED
9388,395,3,3454.44,Card,2026-05-02 20:00:00,PENDING
9389,115,19,1336.87,Transfer,2026-05-03 3:00:00,PENDING
9390,959,14,4150.43,Cash,2026-05-03 20:00:00,COMPLETED
9391,503,14,4817.98,Card,2026-05-03 19:00:00,CANCELLED
9392,922,18,1076.4,Card,2026-05-01 9:00:00,PENDING
9393,85,8,4923.89,Card,2026-05-07 1:00:00,PENDING
9394,666,17,1404.14,Card,2026-05-05 11:00:00,COMPLETED
9395,84,19,1059.4,Cash,2026-05-05 6:00:00,PENDING
9396,748,9,637.57,Card,2026-05-02 21:00:00,PENDING
9397,473,11,2357.97,Card,2026-05-01 9:00:00,PENDING
9398,600,8,3951.98,Cash,2026-05-05 0:00:00,CANCELLED
9399,869,3,2884.23,Transfer,2026-05-05 11:00:00,CANCELLED
9400,876,16,912.7,Card,2026-05-02 6:00:00,PENDING
9401,701,2,4349.28,Cash,2026-05-03 8:00:00,CANCELLED
9402,488,10,3075.56,Transfer,2026-05-02 14:00:00,COMPLETED
9403,450,1,4970.75,Transfer,2026-05-01 20:00:00,COMPLETED
9404,856,6,4252.97,Cash,2026-05-05 15:00:00,COMPLETED
9405,359,17,773.71,Cash,2026-05-07 9:00:00,COMPLETED
9406,484,16,2627.23,Transfer,2026-05-06 14:00:00,CANCELLED
9407,461,5,4460.59,Transfer,2026-05-04 13:00:00,PENDING
9408,770,12,3235.11,Transfer,2026-05-02 12:00:00,PENDING
9409,975,20,1976.12,Card,2026-05-06 12:00:00,COMPLETED
9410,407,15,3985.53,Card,2026-05-01 8:00:00,PENDING
9411,285,10,2486.24,Transfer,2026-05-03 10:00:00,CANCELLED
9412,946,7,4312.24,Cash,2026-05-05 0:00:00,CANCELLED
9413,836,13,2342.49,Transfer,2026-05-03 15:00:00,COMPLETED
9414,334,7,2341.35,Card,2026-05-06 8:00:00,PENDING
9415,851,16,837.01,Card,2026-05-03 20:00:00,PENDING
9416,726,7,1451.93,Transfer,2026-05-03 11:00:00,COMPLETED
9417,164,13,4998.59,Card,2026-05-01 4:00:00,PENDING
9418,821,14,809.4,Transfer,2026-05-01 23:00:00,PENDING
9419,998,8,3438.33,Card,2026-05-07 21:00:00,CANCELLED
9420,617,3,1181.83,Card,2026-05-06 0:00:00,COMPLETED
9421,790,15,1345.79,Transfer,2026-05-04 16:00:00,PENDING
9422,671,16,2349.29,Cash,2026-05-01 13:00:00,COMPLETED
9423,744,16,4934.07,Transfer,2026-05-04 0:00:00,COMPLETED
9424,980,4,1931.11,Cash,2026-05-01 2:00:00,PENDING
9425,437,3,2619.66,Transfer,2026-05-05 3:00:00,CANCELLED
9426,997,18,4563.14,Card,2026-05-07 21:00:00,CANCELLED
9427,400,6,957.99,Transfer,2026-05-07 7:00:00,PENDING
9428,128,5,1299.01,Cash,2026-05-04 19:00:00,CANCELLED
9429,265,10,1996.85,Card,2026-05-02 14:00:00,CANCELLED
9430,392,3,2052.79,Cash,2026-05-01 0:00:00,CANCELLED
9431,514,19,1707.73,Transfer,2026-05-01 15:00:00,PENDING
9432,771,15,3172.24,Transfer,2026-05-07 16:00:00,COMPLETED
9433,596,16,718.33,Transfer,2026-05-05 12:00:00,COMPLETED
9434,182,15,1325.56,Transfer,2026-05-03 7:00:00,CANCELLED
9435,175,5,2454.17,Card,2026-05-05 0:00:00,PENDING
9436,481,14,2175.1,Cash,2026-05-01 5:00:00,PENDING
9437,992,20,3627.46,Transfer,2026-05-07 22:00:00,COMPLETED
9438,18,13,2480.09,Transfer,2026-05-06 1:00:00,PENDING
9439,787,14,1733.61,Card,2026-05-07 13:00:00,COMPLETED
9440,889,18,3573.96,Transfer,2026-05-05 9:00:00,PENDING
9441,715,4,2830.21,Card,2026-05-01 8:00:00,COMPLETED
9442,156,4,3619.89,Cash,2026-05-05 2:00:00,CANCELLED
9443,852,7,3369.66,Transfer,2026-05-07 9:00:00,CANCELLED
9444,24,10,2849.6,Transfer,2026-05-04 7:00:00,PENDING
9445,373,10,3565.9,Card,2026-05-05 3:00:00,PENDING
9446,150,9,1634.97,Card,2026-05-04 15:00:00,COMPLETED
9447,515,19,1511.99,Card,2026-05-03 11:00:00,CANCELLED
9448,19,16,4420.56,Transfer,2026-05-04 2:00:00,CANCELLED
9449,425,12,3401.78,Card,2026-05-03 20:00:00,PENDING
9450,747,3,2710.16,Transfer,2026-05-02 8:00:00,PENDING
9451,485,12,1774.14,Card,2026-05-04 22:00:00,COMPLETED
9452,403,9,4642.13,Cash,2026-05-03 1:00:00,PENDING
9453,784,16,4757.85,Transfer,2026-05-04 10:00:00,CANCELLED
9454,363,15,2616.15,Transfer,2026-05-07 11:00:00,CANCELLED
9455,582,8,2693.13,Transfer,2026-05-02 8:00:00,PENDING
9456,891,13,2890.19,Card,2026-05-03 13:00:00,CANCELLED
9457,543,15,500.42,Cash,2026-05-02 22:00:00,PENDING
9458,831,15,3419.66,Cash,2026-05-01 0:00:00,CANCELLED
9459,445,13,909.2,Transfer,2026-05-07 21:00:00,CANCELLED
9460,471,14,1710.03,Transfer,2026-05-03 23:00:00,PENDING
9461,39,5,2411.54,Cash,2026-05-02 10:00:00,PENDING
9462,384,10,2254.55,Card,2026-05-06 0:00:00,COMPLETED
9463,608,1,2988.56,Cash,2026-05-04 18:00:00,COMPLETED
9464,390,10,3302.35,Cash,2026-05-05 19:00:00,PENDING
9465,519,17,1407.23,Cash,2026-05-06 11:00:00,CANCELLED
9466,357,7,987.8,Transfer,2026-05-04 8:00:00,CANCELLED
9467,334,15,3044.19,Transfer,2026-05-01 16:00:00,PENDING
9468,193,6,3989.61,Cash,2026-05-05 9:00:00,PENDING
9469,542,7,3314.04,Transfer,2026-05-06 22:00:00,CANCELLED
9470,270,12,3409.53,Card,2026-05-06 12:00:00,COMPLETED
9471,540,11,3662.34,Card,2026-05-04 0:00:00,COMPLETED
9472,438,10,1687.73,Transfer,2026-05-02 7:00:00,CANCELLED
9473,946,7,3803.35,Card,2026-05-07 6:00:00,PENDING
9474,82,5,4496.51,Cash,2026-05-03 20:00:00,PENDING
9475,464,14,2059.12,Cash,2026-05-07 7:00:00,PENDING
9476,503,12,2852.39,Card,2026-05-05 13:00:00,PENDING
9477,269,5,1023.05,Card,2026-05-04 1:00:00,CANCELLED
9478,802,8,3369.56,Transfer,2026-05-05 11:00:00,CANCELLED
9479,779,3,4314.84,Card,2026-05-07 9:00:00,PENDING
9480,506,19,1838.4,Cash,2026-05-07 6:00:00,COMPLETED
9481,191,7,1885.2,Transfer,2026-05-05 12:00:00,CANCELLED
9482,997,7,3935.74,Cash,2026-05-01 9:00:00,PENDING
9483,175,6,1212.72,Card,2026-05-02 19:00:00,CANCELLED
9484,642,9,3170.48,Card,2026-05-04 17:00:00,CANCELLED
9485,613,16,3784.75,Cash,2026-05-05 11:00:00,COMPLETED
9486,859,19,3576.91,Transfer,2026-05-05 23:00:00,CANCELLED
9487,878,2,4016.03,Card,2026-05-06 11:00:00,CANCELLED
9488,649,18,2263.46,Cash,2026-05-03 9:00:00,COMPLETED
9489,899,1,1807.56,Cash,2026-05-05 5:00:00,CANCELLED
9490,635,14,3728.19,Transfer,2026-05-07 10:00:00,CANCELLED
9491,253,8,1661.25,Card,2026-05-01 4:00:00,COMPLETED
9492,195,18,534.87,Card,2026-05-06 17:00:00,COMPLETED
9493,514,7,2474.77,Cash,2026-05-01 12:00:00,CANCELLED
9494,283,4,2217.63,Transfer,2026-05-07 23:00:00,PENDING
9495,904,9,3879.88,Transfer,2026-05-02 11:00:00,COMPLETED
9496,330,16,1227.91,Cash,2026-05-04 0:00:00,COMPLETED
9497,134,8,3780.98,Transfer,2026-05-04 13:00:00,PENDING
9498,275,18,4173.83,Card,2026-05-05 21:00:00,CANCELLED
9499,173,20,4162.07,Card,2026-05-02 21:00:00,COMPLETED
9500,40,5,2853.16,Card,2026-05-03 1:00:00,CANCELLED
9501,513,14,1105.46,Card,2026-05-07 0:00:00,CANCELLED
9502,202,11,2946.9,Cash,2026-05-07 2:00:00,CANCELLED
9503,228,15,2515.45,Transfer,2026-05-02 7:00:00,CANCELLED
9504,554,15,4011.64,Cash,2026-05-06 1:00:00,PENDING
9505,180,10,4221.53,Cash,2026-05-05 17:00:00,COMPLETED
9506,248,4,4971.56,Transfer,2026-05-06 17:00:00,PENDING
9507,330,12,971.89,Cash,2026-05-05 0:00:00,CANCELLED
9508,225,18,652.22,Cash,2026-05-03 4:00:00,CANCELLED
9509,422,2,4085.33,Cash,2026-05-03 20:00:00,CANCELLED
9510,665,13,4009.17,Cash,2026-05-06 21:00:00,COMPLETED
9511,375,13,1960.58,Transfer,2026-05-02 6:00:00,COMPLETED
9512,805,10,2873.1,Card,2026-05-07 3:00:00,PENDING
9513,868,15,2984.66,Cash,2026-05-05 1:00:00,PENDING
9514,770,5,2140.2,Cash,2026-05-07 21:00:00,CANCELLED
9515,989,9,3112.32,Transfer,2026-05-02 3:00:00,PENDING
9516,370,17,4118.04,Transfer,2026-05-07 12:00:00,COMPLETED
9517,552,18,735.84,Cash,2026-05-06 9:00:00,COMPLETED
9518,911,7,630.65,Cash,2026-05-03 22:00:00,COMPLETED
9519,231,8,1761.17,Transfer,2026-05-05 22:00:00,PENDING
9520,606,7,1345.82,Card,2026-05-05 16:00:00,CANCELLED
9521,456,5,672.76,Transfer,2026-05-07 7:00:00,CANCELLED
9522,539,20,520.88,Cash,2026-05-06 23:00:00,CANCELLED
9523,252,19,4767.22,Cash,2026-05-06 2:00:00,CANCELLED
9524,773,7,3316.89,Cash,2026-05-01 18:00:00,COMPLETED
9525,489,8,824.45,Transfer,2026-05-05 9:00:00,CANCELLED
9526,241,5,1368.48,Transfer,2026-05-02 7:00:00,COMPLETED
9527,788,11,638.12,Card,2026-05-01 3:00:00,COMPLETED
9528,750,11,2592.58,Cash,2026-05-04 12:00:00,CANCELLED
9529,6,2,2861.89,Transfer,2026-05-04 12:00:00,PENDING
9530,637,19,3988.75,Cash,2026-05-06 19:00:00,PENDING
9531,481,16,1005.82,Card,2026-05-04 7:00:00,PENDING
9532,934,10,4250.98,Cash,2026-05-05 14:00:00,PENDING
9533,881,7,1336.11,Cash,2026-05-02 19:00:00,CANCELLED
9534,851,13,586.08,Transfer,2026-05-02 0:00:00,PENDING
9535,544,5,3735.39,Transfer,2026-05-03 1:00:00,CANCELLED
9536,822,2,4615.42,Cash,2026-05-05 8:00:00,CANCELLED
9537,10,5,2378.9,Transfer,2026-05-07 1:00:00,COMPLETED
9538,887,15,4656.92,Transfer,2026-05-03 23:00:00,PENDING
9539,736,16,4602.84,Card,2026-05-07 12:00:00,PENDING
9540,557,4,4823.27,Transfer,2026-05-03 9:00:00,PENDING
9541,441,11,4628.01,Transfer,2026-05-02 19:00:00,CANCELLED
9542,51,12,3871.75,Card,2026-05-03 7:00:00,PENDING
9543,774,5,707.22,Cash,2026-05-03 2:00:00,COMPLETED
9544,632,5,1707.71,Transfer,2026-05-02 10:00:00,PENDING
9545,377,9,4150.6,Cash,2026-05-05 14:00:00,COMPLETED
9546,333,10,2137.44,Transfer,2026-05-06 4:00:00,COMPLETED
9547,268,14,2279.66,Card,2026-05-05 8:00:00,PENDING
9548,67,9,3949.24,Transfer,2026-05-06 16:00:00,CANCELLED
9549,814,16,2855.28,Transfer,2026-05-04 21:00:00,COMPLETED
9550,121,7,2225.58,Transfer,2026-05-04 14:00:00,COMPLETED
9551,259,10,913.36,Cash,2026-05-01 20:00:00,PENDING
9552,506,9,2472.35,Transfer,2026-05-06 19:00:00,CANCELLED
9553,382,6,2970.01,Transfer,2026-05-01 17:00:00,CANCELLED
9554,164,16,4605.11,Card,2026-05-07 0:00:00,COMPLETED
9555,935,17,1069.08,Transfer,2026-05-03 17:00:00,PENDING
9556,549,8,4879.61,Transfer,2026-05-07 21:00:00,COMPLETED
9557,48,16,1522.71,Cash,2026-05-01 12:00:00,PENDING
9558,493,11,1902.92,Card,2026-05-04 2:00:00,COMPLETED
9559,154,2,2304.58,Cash,2026-05-02 4:00:00,CANCELLED
9560,227,11,4606.52,Transfer,2026-05-02 18:00:00,PENDING
9561,985,20,2925.69,Cash,2026-05-07 23:00:00,PENDING
9562,527,18,2681.53,Card,2026-05-02 4:00:00,COMPLETED
9563,172,9,4022.48,Card,2026-05-03 12:00:00,COMPLETED
9564,915,15,4904.0,Cash,2026-05-07 16:00:00,CANCELLED
9565,763,2,3850.52,Card,2026-05-07 4:00:00,PENDING
9566,853,14,1430.6,Cash,2026-05-07 10:00:00,PENDING
9567,821,3,4987.85,Cash,2026-05-04 6:00:00,COMPLETED
9568,615,9,764.2,Cash,2026-05-02 7:00:00,CANCELLED
9569,843,15,863.13,Card,2026-05-01 11:00:00,PENDING
9570,672,6,2854.03,Transfer,2026-05-07 15:00:00,CANCELLED
9571,946,1,2017.47,Cash,2026-05-06 1:00:00,PENDING
9572,57,18,3836.65,Cash,2026-05-06 10:00:00,COMPLETED
9573,92,11,4250.02,Cash,2026-05-06 4:00:00,CANCELLED
9574,50,14,4364.41,Transfer,2026-05-03 9:00:00,CANCELLED
9575,630,10,2552.35,Card,2026-05-01 11:00:00,CANCELLED
9576,94,20,3900.72,Transfer,2026-05-06 8:00:00,PENDING
9577,159,18,3314.24,Transfer,2026-05-05 0:00:00,CANCELLED
9578,617,6,2426.81,Card,2026-05-04 9:00:00,CANCELLED
9579,276,9,1827.22,Card,2026-05-02 21:00:00,COMPLETED
9580,988,4,986.49,Card,2026-05-05 6:00:00,PENDING
9581,647,18,2192.3,Card,2026-05-04 13:00:00,COMPLETED
9582,999,10,3316.75,Cash,2026-05-07 16:00:00,CANCELLED
9583,334,19,4936.23,Transfer,2026-05-02 10:00:00,COMPLETED
9584,927,4,1371.67,Cash,2026-05-05 19:00:00,COMPLETED
9585,149,7,2589.97,Cash,2026-05-06 0:00:00,PENDING
9586,816,17,3785.58,Card,2026-05-04 23:00:00,CANCELLED
9587,48,8,828.21,Card,2026-05-01 11:00:00,COMPLETED
9588,969,12,4363.96,Cash,2026-05-03 0:00:00,CANCELLED
9589,638,9,510.1,Transfer,2026-05-05 0:00:00,CANCELLED
9590,539,19,3398.21,Transfer,2026-05-07 22:00:00,PENDING
9591,629,4,2890.04,Card,2026-05-06 4:00:00,CANCELLED
9592,673,12,2144.56,Card,2026-05-04 0:00:00,COMPLETED
9593,396,19,1602.97,Cash,2026-05-06 18:00:00,CANCELLED
9594,127,2,4165.0,Transfer,2026-05-07 8:00:00,CANCELLED
9595,883,14,4061.71,Card,2026-05-07 14:00:00,CANCELLED
9596,231,5,4113.83,Cash,2026-05-06 17:00:00,COMPLETED
9597,555,4,4675.19,Transfer,2026-05-05 18:00:00,PENDING
9598,844,15,512.58,Cash,2026-05-01 10:00:00,COMPLETED
9599,424,7,4240.47,Transfer,2026-05-04 17:00:00,CANCELLED
9600,297,18,3205.88,Cash,2026-05-05 14:00:00,CANCELLED
9601,847,5,2109.85,Cash,2026-05-06 6:00:00,CANCELLED
9602,344,19,1713.87,Card,2026-05-03 21:00:00,COMPLETED
9603,759,2,1053.82,Cash,2026-05-06 20:00:00,COMPLETED
9604,540,9,4249.45,Cash,2026-05-06 18:00:00,CANCELLED
9605,193,20,1361.8,Transfer,2026-05-03 14:00:00,COMPLETED
9606,534,17,4532.45,Card,2026-05-03 2:00:00,COMPLETED
9607,455,7,3272.19,Transfer,2026-05-07 2:00:00,CANCELLED
9608,17,10,2853.15,Cash,2026-05-01 15:00:00,PENDING
9609,223,16,880.87,Card,2026-05-06 16:00:00,CANCELLED
9610,867,15,918.48,Card,2026-05-04 12:00:00,PENDING
9611,592,6,1032.5,Cash,2026-05-07 17:00:00,PENDING
9612,253,6,2941.2,Cash,2026-05-04 11:00:00,COMPLETED
9613,348,1,2022.47,Transfer,2026-05-01 19:00:00,COMPLETED
9614,902,17,2281.09,Card,2026-05-04 9:00:00,CANCELLED
9615,385,16,3749.05,Transfer,2026-05-01 13:00:00,PENDING
9616,169,7,3728.52,Transfer,2026-05-01 8:00:00,PENDING
9617,631,10,874.22,Transfer,2026-05-01 1:00:00,CANCELLED
9618,710,15,3843.17,Transfer,2026-05-01 2:00:00,CANCELLED
9619,686,8,3887.88,Cash,2026-05-01 12:00:00,CANCELLED
9620,505,16,2979.56,Transfer,2026-05-02 6:00:00,PENDING
9621,245,20,4169.55,Card,2026-05-06 20:00:00,CANCELLED
9622,227,3,824.91,Transfer,2026-05-02 18:00:00,CANCELLED
9623,773,18,1903.59,Transfer,2026-05-07 10:00:00,COMPLETED
9624,2,20,642.2,Cash,2026-05-02 5:00:00,PENDING
9625,746,6,4059.05,Cash,2026-05-02 18:00:00,COMPLETED
9626,204,10,4536.33,Transfer,2026-05-07 1:00:00,CANCELLED
9627,358,8,1108.72,Transfer,2026-05-04 1:00:00,CANCELLED
9628,390,16,4903.21,Cash,2026-05-01 5:00:00,CANCELLED
9629,616,10,3780.78,Transfer,2026-05-07 3:00:00,CANCELLED
9630,479,7,2012.65,Cash,2026-05-05 7:00:00,COMPLETED
9631,109,7,2860.65,Card,2026-05-07 7:00:00,PENDING
9632,721,6,4407.42,Cash,2026-05-01 11:00:00,CANCELLED
9633,485,20,988.72,Cash,2026-05-03 23:00:00,COMPLETED
9634,717,4,747.26,Transfer,2026-05-06 5:00:00,COMPLETED
9635,309,2,3501.22,Cash,2026-05-07 9:00:00,PENDING
9636,238,12,4392.73,Transfer,2026-05-07 16:00:00,COMPLETED
9637,566,10,1814.24,Card,2026-05-02 14:00:00,PENDING
9638,28,17,1669.83,Card,2026-05-03 22:00:00,CANCELLED
9639,30,18,780.61,Transfer,2026-05-02 13:00:00,PENDING
9640,793,8,2332.76,Card,2026-05-01 13:00:00,PENDING
9641,468,3,2593.98,Card,2026-05-03 4:00:00,PENDING
9642,145,5,1504.59,Cash,2026-05-01 4:00:00,CANCELLED
9643,916,13,999.28,Transfer,2026-05-02 1:00:00,PENDING
9644,321,12,3569.56,Transfer,2026-05-04 19:00:00,PENDING
9645,680,19,3936.05,Transfer,2026-05-04 18:00:00,COMPLETED
9646,484,2,1078.61,Cash,2026-05-07 8:00:00,CANCELLED
9647,421,18,2763.96,Cash,2026-05-07 20:00:00,COMPLETED
9648,281,9,2150.52,Transfer,2026-05-05 4:00:00,CANCELLED
9649,244,7,2672.42,Transfer,2026-05-04 1:00:00,PENDING
9650,83,10,3871.66,Transfer,2026-05-03 18:00:00,PENDING
9651,10,9,2097.26,Transfer,2026-05-03 9:00:00,PENDING
9652,314,14,1409.15,Cash,2026-05-02 3:00:00,COMPLETED
9653,525,11,1835.92,Cash,2026-05-07 23:00:00,PENDING
9654,639,15,2586.52,Transfer,2026-05-05 12:00:00,PENDING
9655,750,14,678.68,Card,2026-05-01 9:00:00,PENDING
9656,210,18,4243.02,Transfer,2026-05-04 12:00:00,CANCELLED
9657,225,13,2929.09,Transfer,2026-05-01 5:00:00,COMPLETED
9658,669,16,2968.44,Cash,2026-05-07 15:00:00,CANCELLED
9659,569,16,1963.19,Transfer,2026-05-02 19:00:00,CANCELLED
9660,568,17,4276.56,Transfer,2026-05-05 13:00:00,PENDING
9661,520,15,1865.04,Transfer,2026-05-06 19:00:00,CANCELLED
9662,407,14,1538.85,Transfer,2026-05-03 18:00:00,COMPLETED
9663,404,9,3108.52,Card,2026-05-05 2:00:00,CANCELLED
9664,95,11,4909.3,Cash,2026-05-03 17:00:00,COMPLETED
9665,676,9,4798.41,Card,2026-05-03 3:00:00,CANCELLED
9666,338,15,4101.91,Transfer,2026-05-02 7:00:00,PENDING
9667,887,5,4699.5,Transfer,2026-05-07 0:00:00,CANCELLED
9668,511,6,3091.52,Card,2026-05-05 17:00:00,CANCELLED
9669,804,13,2987.6,Card,2026-05-01 19:00:00,CANCELLED
9670,442,5,3729.7,Transfer,2026-05-05 21:00:00,PENDING
9671,452,16,3851.46,Cash,2026-05-06 4:00:00,COMPLETED
9672,743,11,598.81,Cash,2026-05-03 22:00:00,CANCELLED
9673,588,4,1922.9,Transfer,2026-05-04 13:00:00,COMPLETED
9674,845,17,2268.77,Transfer,2026-05-02 1:00:00,PENDING
9675,113,19,1060.17,Card,2026-05-06 10:00:00,COMPLETED
9676,1000,2,3547.81,Card,2026-05-05 6:00:00,CANCELLED
9677,592,11,4941.49,Transfer,2026-05-05 16:00:00,COMPLETED
9678,42,20,3765.25,Transfer,2026-05-05 11:00:00,PENDING
9679,214,5,3006.49,Card,2026-05-01 0:00:00,COMPLETED
9680,561,20,3715.92,Transfer,2026-05-05 23:00:00,CANCELLED
9681,215,13,2002.88,Transfer,2026-05-06 21:00:00,COMPLETED
9682,624,5,1702.48,Card,2026-05-04 19:00:00,CANCELLED
9683,227,17,1124.14,Card,2026-05-03 2:00:00,CANCELLED
9684,130,17,4736.68,Card,2026-05-07 5:00:00,PENDING
9685,196,4,4825.75,Cash,2026-05-07 12:00:00,COMPLETED
9686,825,18,1131.85,Card,2026-05-07 3:00:00,CANCELLED
9687,929,17,4825.04,Transfer,2026-05-07 6:00:00,COMPLETED
9688,86,1,579.08,Transfer,2026-05-03 14:00:00,PENDING
9689,630,15,3257.72,Transfer,2026-05-06 5:00:00,PENDING
9690,476,13,4065.01,Transfer,2026-05-01 16:00:00,PENDING
9691,449,8,4990.98,Card,2026-05-03 0:00:00,CANCELLED
9692,714,16,3954.48,Transfer,2026-05-05 10:00:00,PENDING
9693,340,13,1224.79,Card,2026-05-04 0:00:00,PENDING
9694,617,3,1789.44,Card,2026-05-07 6:00:00,CANCELLED
9695,147,19,2687.62,Transfer,2026-05-02 23:00:00,COMPLETED
9696,389,7,936.67,Transfer,2026-05-02 10:00:00,PENDING
9697,50,15,3652.55,Card,2026-05-02 11:00:00,COMPLETED
9698,311,5,4923.27,Card,2026-05-07 11:00:00,COMPLETED
9699,422,16,2906.11,Card,2026-05-06 17:00:00,PENDING
9700,13,3,4031.12,Card,2026-05-01 10:00:00,CANCELLED
9701,518,14,4924.67,Cash,2026-05-06 20:00:00,CANCELLED
9702,847,2,618.51,Card,2026-05-04 6:00:00,PENDING
9703,378,3,3626.33,Cash,2026-05-01 18:00:00,COMPLETED
9704,717,3,2066.66,Cash,2026-05-02 20:00:00,COMPLETED
9705,83,6,2225.28,Cash,2026-05-07 16:00:00,COMPLETED
9706,334,18,4952.58,Card,2026-05-04 22:00:00,PENDING
9707,505,14,3824.11,Transfer,2026-05-01 16:00:00,PENDING
9708,24,15,2222.48,Cash,2026-05-07 0:00:00,COMPLETED
9709,17,17,2611.49,Cash,2026-05-04 17:00:00,CANCELLED
9710,400,8,2125.84,Cash,2026-05-02 13:00:00,PENDING
9711,455,4,2195.06,Cash,2026-05-07 16:00:00,PENDING
9712,771,4,3210.97,Card,2026-05-06 15:00:00,COMPLETED
9713,375,19,2425.22,Card,2026-05-01 9:00:00,CANCELLED
9714,309,4,4460.58,Transfer,2026-05-06 19:00:00,COMPLETED
9715,755,4,3622.67,Card,2026-05-02 9:00:00,PENDING
9716,742,3,4310.47,Cash,2026-05-07 15:00:00,COMPLETED
9717,36,13,3735.87,Card,2026-05-05 5:00:00,PENDING
9718,164,5,536.9,Card,2026-05-06 22:00:00,PENDING
9719,70,20,3393.04,Transfer,2026-05-07 21:00:00,PENDING
9720,1000,5,825.84,Card,2026-05-05 2:00:00,COMPLETED
9721,121,6,2721.7,Cash,2026-05-03 22:00:00,COMPLETED
9722,137,2,2214.28,Transfer,2026-05-06 10:00:00,PENDING
9723,483,3,1601.84,Card,2026-05-04 5:00:00,CANCELLED
9724,681,8,3334.65,Transfer,2026-05-05 17:00:00,PENDING
9725,268,15,985.88,Cash,2026-05-05 5:00:00,CANCELLED
9726,147,12,1037.94,Transfer,2026-05-04 19:00:00,CANCELLED
9727,927,18,2362.61,Cash,2026-05-03 7:00:00,COMPLETED
9728,895,13,4100.57,Cash,2026-05-01 14:00:00,CANCELLED
9729,498,9,2611.23,Cash,2026-05-07 22:00:00,PENDING
9730,368,7,2226.97,Card,2026-05-07 17:00:00,COMPLETED
9731,425,15,4760.11,Card,2026-05-06 18:00:00,CANCELLED
9732,239,9,4397.98,Transfer,2026-05-05 6:00:00,PENDING
9733,145,10,3516.72,Transfer,2026-05-04 11:00:00,CANCELLED
9734,464,12,908.97,Card,2026-05-04 8:00:00,COMPLETED
9735,517,16,908.44,Card,2026-05-05 2:00:00,CANCELLED
9736,149,19,3014.25,Cash,2026-05-05 13:00:00,COMPLETED
9737,153,5,1205.25,Cash,2026-05-07 12:00:00,COMPLETED
9738,537,18,1285.73,Transfer,2026-05-01 10:00:00,PENDING
9739,294,7,2152.53,Cash,2026-05-06 22:00:00,CANCELLED
9740,90,19,3916.76,Transfer,2026-05-01 9:00:00,CANCELLED
9741,466,7,1708.89,Cash,2026-05-04 20:00:00,COMPLETED
9742,884,17,2102.82,Transfer,2026-05-06 9:00:00,CANCELLED
9743,705,7,3081.0,Cash,2026-05-04 7:00:00,COMPLETED
9744,264,5,2220.82,Transfer,2026-05-02 15:00:00,CANCELLED
9745,613,9,4842.59,Cash,2026-05-07 14:00:00,PENDING
9746,152,13,3989.11,Card,2026-05-06 16:00:00,CANCELLED
9747,498,6,3934.51,Cash,2026-05-07 21:00:00,COMPLETED
9748,554,3,2147.94,Card,2026-05-05 23:00:00,PENDING
9749,308,15,3778.96,Transfer,2026-05-05 22:00:00,CANCELLED
9750,655,13,2111.39,Card,2026-05-07 1:00:00,PENDING
9751,532,19,1597.96,Card,2026-05-05 18:00:00,CANCELLED
9752,135,10,4243.82,Card,2026-05-06 16:00:00,CANCELLED
9753,802,18,2520.87,Cash,2026-05-07 6:00:00,COMPLETED
9754,90,16,2858.15,Transfer,2026-05-07 14:00:00,CANCELLED
9755,808,17,1011.77,Transfer,2026-05-06 13:00:00,CANCELLED
9756,122,9,1346.91,Cash,2026-05-05 1:00:00,CANCELLED
9757,621,4,2783.24,Transfer,2026-05-04 20:00:00,PENDING
9758,780,19,4363.13,Transfer,2026-05-07 4:00:00,COMPLETED
9759,784,10,894.06,Transfer,2026-05-03 2:00:00,PENDING
9760,813,19,865.2,Transfer,2026-05-05 23:00:00,COMPLETED
9761,39,2,1332.44,Cash,2026-05-04 9:00:00,PENDING
9762,139,17,3704.2,Transfer,2026-05-03 7:00:00,CANCELLED
9763,499,12,2965.04,Transfer,2026-05-07 18:00:00,PENDING
9764,548,19,3170.17,Cash,2026-05-01 6:00:00,COMPLETED
9765,436,11,556.58,Card,2026-05-07 8:00:00,CANCELLED
9766,709,15,2443.77,Card,2026-05-04 10:00:00,COMPLETED
9767,724,15,2048.89,Transfer,2026-05-01 23:00:00,PENDING
9768,215,7,1596.92,Card,2026-05-02 2:00:00,CANCELLED
9769,240,2,914.65,Transfer,2026-05-07 1:00:00,PENDING
9770,696,15,2825.18,Transfer,2026-05-01 14:00:00,PENDING
9771,171,15,3588.31,Card,2026-05-05 14:00:00,COMPLETED
9772,375,15,3286.14,Transfer,2026-05-07 19:00:00,CANCELLED
9773,278,3,3182.99,Transfer,2026-05-06 2:00:00,COMPLETED
9774,394,9,1971.14,Cash,2026-05-03 19:00:00,PENDING
9775,625,8,2313.89,Transfer,2026-05-01 4:00:00,COMPLETED
9776,708,3,2235.58,Card,2026-05-01 20:00:00,PENDING
9777,805,10,4320.34,Card,2026-05-07 9:00:00,PENDING
9778,195,4,995.1,Cash,2026-05-07 6:00:00,CANCELLED
9779,120,6,3942.5,Transfer,2026-05-04 2:00:00,COMPLETED
9780,520,2,1574.16,Cash,2026-05-02 20:00:00,CANCELLED
9781,823,6,838.91,Cash,2026-05-06 5:00:00,PENDING
9782,514,6,3701.6,Card,2026-05-06 8:00:00,PENDING
9783,625,6,3855.34,Card,2026-05-03 21:00:00,CANCELLED
9784,525,8,1866.77,Transfer,2026-05-02 16:00:00,PENDING
9785,955,10,1492.9,Cash,2026-05-01 3:00:00,CANCELLED
9786,879,16,1059.15,Cash,2026-05-01 12:00:00,COMPLETED
9787,948,7,3280.03,Transfer,2026-05-04 13:00:00,COMPLETED
9788,526,19,4919.03,Cash,2026-05-02 1:00:00,COMPLETED
9789,657,10,3480.31,Cash,2026-05-06 16:00:00,PENDING
9790,21,4,2866.85,Transfer,2026-05-01 11:00:00,COMPLETED
9791,977,4,1719.4,Transfer,2026-05-06 7:00:00,PENDING
9792,342,1,3163.58,Card,2026-05-05 20:00:00,CANCELLED
9793,330,4,1823.66,Cash,2026-05-05 9:00:00,CANCELLED
9794,896,18,4233.09,Card,2026-05-01 6:00:00,CANCELLED
9795,348,20,1918.04,Cash,2026-05-07 12:00:00,PENDING
9796,857,10,3375.72,Cash,2026-05-03 3:00:00,COMPLETED
9797,537,12,4856.91,Card,2026-05-01 18:00:00,PENDING
9798,240,16,3088.7,Transfer,2026-05-04 6:00:00,PENDING
9799,812,2,4829.66,Cash,2026-05-01 15:00:00,PENDING
9800,892,17,4998.48,Cash,2026-05-01 14:00:00,PENDING
9801,815,13,1137.12,Transfer,2026-05-02 3:00:00,COMPLETED
9802,933,7,3725.44,Transfer,2026-05-01 23:00:00,PENDING
9803,738,19,578.71,Card,2026-05-06 15:00:00,COMPLETED
9804,255,16,3805.47,Card,2026-05-01 15:00:00,PENDING
9805,179,17,3234.5,Card,2026-05-07 22:00:00,COMPLETED
9806,884,14,3837.27,Cash,2026-05-02 16:00:00,CANCELLED
9807,82,15,649.37,Card,2026-05-03 23:00:00,CANCELLED
9808,20,8,1045.86,Transfer,2026-05-06 11:00:00,CANCELLED
9809,421,15,605.91,Transfer,2026-05-07 7:00:00,PENDING
9810,327,17,4589.31,Cash,2026-05-03 6:00:00,CANCELLED
9811,304,16,4708.24,Transfer,2026-05-05 17:00:00,PENDING
9812,859,16,1458.51,Card,2026-05-04 19:00:00,COMPLETED
9813,318,13,3185.46,Cash,2026-05-05 2:00:00,PENDING
9814,809,9,1551.66,Card,2026-05-05 10:00:00,PENDING
9815,619,1,3469.41,Cash,2026-05-05 20:00:00,COMPLETED
9816,800,2,1907.21,Cash,2026-05-04 21:00:00,CANCELLED
9817,301,14,2930.66,Card,2026-05-02 16:00:00,COMPLETED
9818,495,7,2531.99,Card,2026-05-06 0:00:00,PENDING
9819,895,4,4854.04,Transfer,2026-05-03 7:00:00,PENDING
9820,841,8,2510.12,Cash,2026-05-07 3:00:00,PENDING
9821,693,7,3181.63,Card,2026-05-02 12:00:00,PENDING
9822,172,6,1327.08,Cash,2026-05-01 15:00:00,CANCELLED
9823,910,12,1719.86,Card,2026-05-07 18:00:00,COMPLETED
9824,669,16,2188.33,Transfer,2026-05-04 13:00:00,CANCELLED
9825,751,14,2178.8,Cash,2026-05-03 7:00:00,CANCELLED
9826,20,11,2563.73,Cash,2026-05-06 20:00:00,COMPLETED
9827,747,15,3004.28,Cash,2026-05-05 8:00:00,CANCELLED
9828,583,4,4889.94,Cash,2026-05-04 5:00:00,COMPLETED
9829,486,8,4291.04,Transfer,2026-05-02 0:00:00,COMPLETED
9830,191,9,2745.93,Card,2026-05-01 5:00:00,CANCELLED
9831,939,17,4168.05,Transfer,2026-05-07 5:00:00,CANCELLED
9832,794,6,2006.12,Transfer,2026-05-03 16:00:00,CANCELLED
9833,562,13,3463.4,Transfer,2026-05-01 3:00:00,COMPLETED
9834,688,9,4930.23,Card,2026-05-06 17:00:00,PENDING
9835,871,14,3025.66,Cash,2026-05-03 16:00:00,COMPLETED
9836,956,1,2870.66,Transfer,2026-05-05 8:00:00,COMPLETED
9837,69,16,615.48,Card,2026-05-04 13:00:00,COMPLETED
9838,451,3,4394.1,Transfer,2026-05-02 19:00:00,COMPLETED
9839,491,9,745.35,Transfer,2026-05-04 9:00:00,CANCELLED
9840,321,4,3835.93,Cash,2026-05-06 1:00:00,PENDING
9841,147,18,768.77,Card,2026-05-04 16:00:00,PENDING
9842,526,19,3934.97,Card,2026-05-05 12:00:00,COMPLETED
9843,678,2,580.74,Cash,2026-05-02 20:00:00,COMPLETED
9844,606,18,4971.82,Transfer,2026-05-05 15:00:00,CANCELLED
9845,852,8,859.75,Transfer,2026-05-02 3:00:00,PENDING
9846,39,2,1582.9,Cash,2026-05-02 5:00:00,PENDING
9847,917,8,526.21,Card,2026-05-05 1:00:00,CANCELLED
9848,133,5,4187.69,Card,2026-05-07 8:00:00,PENDING
9849,418,9,1877.41,Transfer,2026-05-04 13:00:00,COMPLETED
9850,988,13,3882.24,Card,2026-05-06 18:00:00,PENDING
9851,802,1,3710.71,Card,2026-05-02 17:00:00,CANCELLED
9852,750,9,2054.54,Card,2026-05-03 23:00:00,PENDING
9853,78,3,4421.48,Transfer,2026-05-06 17:00:00,CANCELLED
9854,464,13,3766.34,Card,2026-05-03 14:00:00,PENDING
9855,640,7,4341.17,Transfer,2026-05-02 18:00:00,COMPLETED
9856,332,6,2926.07,Card,2026-05-06 14:00:00,COMPLETED
9857,178,14,3702.57,Transfer,2026-05-01 9:00:00,PENDING
9858,908,17,2447.28,Cash,2026-05-07 12:00:00,CANCELLED
9859,1,18,3451.72,Transfer,2026-05-02 6:00:00,PENDING
9860,401,10,2486.93,Card,2026-05-07 6:00:00,COMPLETED
9861,134,14,3002.21,Card,2026-05-04 1:00:00,COMPLETED
9862,359,7,4570.48,Cash,2026-05-04 0:00:00,PENDING
9863,151,7,1661.93,Card,2026-05-02 9:00:00,CANCELLED
9864,107,1,4430.4,Transfer,2026-05-06 9:00:00,CANCELLED
9865,419,3,3894.53,Card,2026-05-01 10:00:00,PENDING
9866,157,5,3774.94,Cash,2026-05-05 23:00:00,CANCELLED
9867,936,11,626.62,Cash,2026-05-01 12:00:00,COMPLETED
9868,342,2,1394.48,Cash,2026-05-07 9:00:00,CANCELLED
9869,995,3,2806.53,Cash,2026-05-03 0:00:00,CANCELLED
9870,743,6,4025.92,Card,2026-05-01 16:00:00,COMPLETED
9871,218,17,4792.66,Cash,2026-05-02 20:00:00,COMPLETED
9872,429,2,567.9,Cash,2026-05-03 20:00:00,COMPLETED
9873,409,4,1237.26,Transfer,2026-05-06 21:00:00,COMPLETED
9874,987,3,3709.21,Card,2026-05-04 15:00:00,PENDING
9875,398,3,1999.49,Cash,2026-05-01 9:00:00,PENDING
9876,999,19,3870.2,Transfer,2026-05-04 10:00:00,PENDING
9877,207,11,3770.92,Transfer,2026-05-05 1:00:00,CANCELLED
9878,788,18,4373.31,Cash,2026-05-06 21:00:00,PENDING
9879,487,19,3370.1,Cash,2026-05-06 3:00:00,PENDING
9880,360,19,1569.11,Cash,2026-05-04 17:00:00,PENDING
9881,684,17,3894.11,Transfer,2026-05-07 3:00:00,COMPLETED
9882,608,11,2978.57,Card,2026-05-05 1:00:00,CANCELLED
9883,7,6,4229.76,Cash,2026-05-02 0:00:00,PENDING
9884,952,6,2005.88,Card,2026-05-02 15:00:00,CANCELLED
9885,201,19,3491.4,Transfer,2026-05-05 14:00:00,COMPLETED
9886,550,2,1373.33,Card,2026-05-04 13:00:00,COMPLETED
9887,918,16,1308.62,Cash,2026-05-01 14:00:00,COMPLETED
9888,345,15,1079.05,Transfer,2026-05-02 14:00:00,COMPLETED
9889,922,9,3808.75,Card,2026-05-07 0:00:00,CANCELLED
9890,249,20,4244.86,Transfer,2026-05-03 19:00:00,CANCELLED
9891,169,14,3390.9,Card,2026-05-04 19:00:00,CANCELLED
9892,527,9,3665.65,Card,2026-05-07 4:00:00,PENDING
9893,780,8,1550.25,Transfer,2026-05-06 18:00:00,PENDING
9894,459,20,1885.08,Transfer,2026-05-06 12:00:00,CANCELLED
9895,905,10,1654.96,Transfer,2026-05-07 2:00:00,COMPLETED
9896,834,11,1720.45,Card,2026-05-02 4:00:00,PENDING
9897,642,16,3325.03,Card,2026-05-02 13:00:00,COMPLETED
9898,524,4,4310.23,Transfer,2026-05-05 20:00:00,PENDING
9899,872,10,3727.01,Cash,2026-05-01 23:00:00,CANCELLED
9900,887,19,2622.63,Card,2026-05-01 1:00:00,CANCELLED
9901,531,13,4486.84,Card,2026-05-02 22:00:00,COMPLETED
9902,876,13,2762.09,Card,2026-05-06 9:00:00,PENDING
9903,618,14,2451.51,Transfer,2026-05-07 4:00:00,CANCELLED
9904,837,18,4540.3,Cash,2026-05-06 7:00:00,CANCELLED
9905,120,4,1721.64,Card,2026-05-02 18:00:00,COMPLETED
9906,758,15,3338.93,Card,2026-05-01 6:00:00,COMPLETED
9907,700,8,948.92,Cash,2026-05-05 20:00:00,COMPLETED
9908,242,14,3193.53,Transfer,2026-05-07 9:00:00,CANCELLED
9909,576,7,1692.92,Transfer,2026-05-07 1:00:00,CANCELLED
9910,686,9,1933.95,Transfer,2026-05-06 12:00:00,PENDING
9911,307,14,985.9,Cash,2026-05-05 18:00:00,PENDING
9912,51,2,2966.47,Transfer,2026-05-01 16:00:00,COMPLETED
9913,807,16,3373.07,Transfer,2026-05-06 8:00:00,COMPLETED
9914,147,18,3004.3,Cash,2026-05-05 17:00:00,PENDING
9915,838,19,4977.89,Card,2026-05-05 10:00:00,COMPLETED
9916,123,17,4103.57,Transfer,2026-05-04 12:00:00,CANCELLED
9917,71,11,618.94,Transfer,2026-05-06 19:00:00,COMPLETED
9918,885,5,1551.61,Transfer,2026-05-03 4:00:00,PENDING
9919,700,5,2746.38,Transfer,2026-05-01 1:00:00,CANCELLED
9920,802,4,2148.28,Card,2026-05-03 4:00:00,CANCELLED
9921,964,4,901.29,Transfer,2026-05-04 7:00:00,PENDING
9922,374,19,3235.22,Transfer,2026-05-03 5:00:00,COMPLETED
9923,305,6,1889.12,Cash,2026-05-06 9:00:00,CANCELLED
9924,40,9,4930.09,Card,2026-05-04 12:00:00,CANCELLED
9925,423,8,4310.37,Transfer,2026-05-03 15:00:00,PENDING
9926,207,14,3026.17,Card,2026-05-02 21:00:00,PENDING
9927,128,1,1874.8,Cash,2026-05-07 10:00:00,PENDING
9928,635,7,1379.97,Transfer,2026-05-06 13:00:00,PENDING
9929,998,10,562.2,Transfer,2026-05-05 16:00:00,COMPLETED
9930,596,2,3537.35,Card,2026-05-02 13:00:00,CANCELLED
9931,919,5,2467.23,Cash,2026-05-02 11:00:00,COMPLETED
9932,541,8,2381.28,Card,2026-05-06 0:00:00,PENDING
9933,104,5,1143.98,Cash,2026-05-04 7:00:00,COMPLETED
9934,689,9,2696.46,Transfer,2026-05-01 5:00:00,COMPLETED
9935,964,6,1094.3,Card,2026-05-01 11:00:00,COMPLETED
9936,789,19,2426.54,Transfer,2026-05-03 11:00:00,CANCELLED
9937,544,15,942.81,Card,2026-05-04 3:00:00,CANCELLED
9938,788,14,3138.7,Transfer,2026-05-02 12:00:00,CANCELLED
9939,390,15,4858.86,Transfer,2026-05-02 13:00:00,PENDING
9940,901,15,2714.32,Cash,2026-05-04 13:00:00,PENDING
9941,364,4,2152.27,Card,2026-05-04 6:00:00,PENDING
9942,909,2,1083.04,Cash,2026-05-04 9:00:00,COMPLETED
9943,415,20,4322.1,Cash,2026-05-01 23:00:00,CANCELLED
9944,153,19,3575.12,Cash,2026-05-01 16:00:00,COMPLETED
9945,561,13,4366.58,Transfer,2026-05-03 20:00:00,COMPLETED
9946,244,17,2855.24,Transfer,2026-05-05 2:00:00,PENDING
9947,840,15,567.42,Cash,2026-05-03 2:00:00,CANCELLED
9948,546,5,1648.41,Cash,2026-05-02 18:00:00,PENDING
9949,212,6,2329.06,Transfer,2026-05-02 1:00:00,PENDING
9950,622,2,4223.22,Card,2026-05-01 17:00:00,CANCELLED
9951,624,6,4656.79,Cash,2026-05-06 23:00:00,COMPLETED
9952,65,12,4054.0,Card,2026-05-04 9:00:00,CANCELLED
9953,547,16,4588.16,Card,2026-05-05 18:00:00,PENDING
9954,779,1,2786.3,Card,2026-05-04 6:00:00,PENDING
9955,77,5,2194.74,Cash,2026-05-01 18:00:00,COMPLETED
9956,964,6,4632.63,Transfer,2026-05-05 11:00:00,PENDING
9957,191,20,4511.29,Cash,2026-05-01 17:00:00,CANCELLED
9958,703,12,2954.68,Cash,2026-05-07 3:00:00,COMPLETED
9959,517,1,2393.12,Transfer,2026-05-04 3:00:00,COMPLETED
9960,828,8,1344.33,Transfer,2026-05-07 16:00:00,PENDING
9961,855,5,2203.05,Transfer,2026-05-02 23:00:00,PENDING
9962,254,5,2449.45,Cash,2026-05-04 10:00:00,CANCELLED
9963,252,5,746.67,Transfer,2026-05-04 14:00:00,CANCELLED
9964,493,13,530.74,Transfer,2026-05-03 12:00:00,COMPLETED
9965,663,2,1757.96,Card,2026-05-02 16:00:00,COMPLETED
9966,6,5,3349.68,Cash,2026-05-06 3:00:00,CANCELLED
9967,923,8,2660.27,Cash,2026-05-06 13:00:00,COMPLETED
9968,115,4,3770.24,Cash,2026-05-06 11:00:00,CANCELLED
9969,261,20,3245.29,Card,2026-05-05 18:00:00,PENDING
9970,941,7,1255.31,Transfer,2026-05-02 15:00:00,CANCELLED
9971,408,16,4448.26,Card,2026-05-03 20:00:00,COMPLETED
9972,790,4,4861.55,Card,2026-05-01 8:00:00,CANCELLED
9973,809,17,2456.84,Cash,2026-05-04 10:00:00,CANCELLED
9974,544,10,2768.6,Cash,2026-05-01 18:00:00,COMPLETED
9975,723,16,2644.84,Cash,2026-05-07 23:00:00,COMPLETED
9976,60,16,1885.57,Transfer,2026-05-02 13:00:00,COMPLETED
9977,715,6,2857.19,Card,2026-05-06 23:00:00,CANCELLED
9978,735,18,4270.17,Transfer,2026-05-07 2:00:00,PENDING
9979,801,10,4018.05,Transfer,2026-05-03 17:00:00,PENDING
9980,920,10,3925.99,Card,2026-05-03 2:00:00,CANCELLED
9981,644,11,1281.35,Cash,2026-05-06 13:00:00,COMPLETED
9982,128,9,1139.48,Transfer,2026-05-04 9:00:00,PENDING
9983,480,2,1755.69,Card,2026-05-07 5:00:00,PENDING
9984,120,7,3171.66,Card,2026-05-03 22:00:00,COMPLETED
9985,494,16,1688.25,Cash,2026-05-06 22:00:00,CANCELLED
9986,968,20,4403.96,Cash,2026-05-02 10:00:00,COMPLETED
9987,857,2,3442.88,Card,2026-05-04 19:00:00,COMPLETED
9988,638,4,3529.9,Transfer,2026-05-01 14:00:00,CANCELLED
9989,485,14,3940.37,Card,2026-05-07 20:00:00,CANCELLED
9990,137,7,1756.74,Transfer,2026-05-04 20:00:00,PENDING
9991,422,18,3215.11,Transfer,2026-05-07 10:00:00,COMPLETED
9992,386,20,3264.1,Cash,2026-05-03 20:00:00,COMPLETED
9993,565,7,4570.96,Cash,2026-05-01 6:00:00,CANCELLED
9994,843,6,3102.87,Card,2026-05-04 18:00:00,COMPLETED
9995,21,19,4078.87,Transfer,2026-05-03 8:00:00,PENDING
9996,183,12,1026.14,Cash,2026-05-05 2:00:00,PENDING
9997,96,19,4233.73,Card,2026-05-01 0:00:00,PENDING
9998,74,17,1793.14,Cash,2026-05-02 8:00:00,PENDING
9999,435,5,1474.26,Card,2026-05-06 12:00:00,COMPLETED
10000,706,9,2098.89,Transfer,2026-05-05 8:00:00,CANCELLED
